,name,artist,duration,rank,mbid
0,HURT,JOHNNY CASH,218.0,1,25d8de5e-3662-4ffd-8dea-511a696ac3e7
1,RING OF FIRE,JOHNNY CASH,156.0,2,bfd37140-14fd-497a-a39d-c133011ac244
2,I WALK THE LINE,JOHNNY CASH,146.0,3,ac740922-242a-4ced-8138-4a6d7e68ab2a
3,I WILL WAIT,MUMFORD & SONS,276.0,4,18d30fc9-32e3-494d-b68a-ede6b2fe63c1
4,WAKE ME UP,AVICII,246.0,5,72281f36-2845-4c70-95fd-bffbbeab1ef8
5,LOVE STORY,TAYLOR SWIFT,233.0,6,9086b742-358b-4f73-9a14-84cb1a9ce4ce
6,NOT FAIR,LILY ALLEN,201.0,7,d6461b2c-b66b-422d-affa-06330e838846
7,THIS IS THE LIFE,AMY MACDONALD,185.0,8,88897259-36c9-4335-93b8-100d2bcab832
8,FOLSOM PRISON BLUES,JOHNNY CASH,159.0,9,08e81f81-71e2-44d1-93c4-a604c7682f6b
9,NEED YOU NOW,LADY ANTEBELLUM,235.0,10,5f035e66-dac6-4032-854a-b688babb52dc
10,YOU BELONG WITH ME,TAYLOR SWIFT,231.0,11,fffea9e9-43bb-4bff-907d-8ff75a54c399
11,LAY LADY LAY,BOB DYLAN,198.0,12,1c7f34ef-6796-47cb-b593-1aeafc9bb0fc
12,LOOKIN' OUT MY BACK DOOR,CREEDENCE CLEARWATER REVIVAL,164.0,13,4e1e47e6-8fc5-4c79-86b8-7f9b0a12de83
13,TAKE IT EASY,EAGLES,211.0,14,d5abb4ca-8cd5-468a-bdbc-53f3223bb9be
14,JOLENE,DOLLY PARTON,162.0,15,0cf427a9-266d-4629-a2c3-2e4ce90534ac
15,THE CLIMB,MILEY CYRUS,236.0,16,4fd5584d-458f-4664-b139-05018e0891d4
16,HEY BROTHER,AVICII,192.0,17,e6d35064-da9c-43e7-a627-b919935bcdaa
17,PERSONAL JESUS,JOHNNY CASH,202.0,18,3c28eb47-edbe-49fe-ae24-7102dbda9b96
18,WE ARE NEVER EVER GETTING BACK TOGETHER,TAYLOR SWIFT,191.0,19,44b6ea5d-33dc-4374-bc4a-bb3309db2e5a
19,"JESUS, ETC.",WILCO,276.0,20,dadeaa1b-b997-4b35-a53c-24dd8b2b144f
20,THE MAN COMES AROUND,JOHNNY CASH,267.0,21,6e4e5aba-a6e3-4ecd-b26d-71b7043ac755
21,DON'T PASS ME BY,THE BEATLES,226.0,22,8634acce-0778-4da7-9921-b062bd0738e1
22,DESPERADO,EAGLES,321.0,23,96308d6d-77c8-48d6-b866-bdc48675ef10
23,IF I DIE YOUNG,THE BAND PERRY,0.0,24,3cecab41-bfa3-4fb4-a60a-b2a170e6e33b
24,ALL SUMMER LONG,KID ROCK,225.0,25,e5426c42-d9f6-4aa1-8b2d-944e05a3824c
25,ALL I WANT IS YOU,BARRY LOUIS POLISAR,176.0,26,b99e91f7-2667-4555-9e82-1d9ae37971e7
26,BEFORE HE CHEATS,CARRIE UNDERWOOD,200.0,27,5c020130-6d01-4e9c-9551-91947ce53040
27,HARVEST MOON,NEIL YOUNG,303.0,28,52aba746-beb3-4e74-b1ea-ff18c0e23dc4
28,WHAT GOES ON,THE BEATLES,18.0,29,8a04074c-0022-4bb5-8017-e9d3654a7721
29,ON THE ROAD AGAIN,WILLIE NELSON,156.0,30,54e0b867-2e65-4f9b-8d43-443406d81eb2
30,GIVE MY LOVE TO ROSE,JOHNNY CASH,163.0,31,7b1e10d4-db11-465e-b463-1c39b70e2c63
31,GET RHYTHM,JOHNNY CASH,134.0,32,372f7dc7-71da-4b3f-8314-2e3d9439d26c
32,ROCKY RACCOON,THE BEATLES,212.0,33,9174bff7-f7e6-42df-a36c-9f33f1c1267e
33,ALL I WANNA DO,SHERYL CROW,247.0,34,7c8ccd6a-2542-4aa6-910c-3a86e63b243c
34,I AM TRYING TO BREAK YOUR HEART,WILCO,371.0,35,8f4312d6-a605-46f2-b931-759c4c05ec09
35,I WON'T BE FOUND,THE TALLEST MAN ON EARTH,167.0,36,7e8a9b5f-6c10-4626-bf84-3c5f592f9610
36,"TAKE ME HOME, COUNTRY ROADS",JOHN DENVER,257.0,37,3ed37956-e579-450c-9865-9c45c8a37cd9
37,DEAR GOD,AVENGED SEVENFOLD,393.0,38,789ac324-fa20-4861-9e44-d386e4c01aee
38,BACK DOWN SOUTH,KINGS OF LEON,241.0,39,8b0fb5c2-d075-4ba8-bfea-6bfc4ba30a2f
39,YOÃœ AND I,LADY GAGA,246.0,40,6949d85d-ffb2-4ab0-9370-52e07b288a39
40,GOD'S GONNA CUT YOU DOWN,JOHNNY CASH,157.0,41,44143400-a9cf-4384-801b-16fbcac97f10
41,TEQUILA SUNRISE,EAGLES,280.0,42,59bc7fbc-5c03-4bc9-b530-dba554f8d67a
42,WHITE HORSE,TAYLOR SWIFT,235.0,43,c46a220b-32be-4094-b38c-78b84d76ec0a
43,9 TO 5,DOLLY PARTON,165.0,44,584864f4-9691-4ea5-9b1b-175ed1acc231
44,MAN IN BLACK,JOHNNY CASH,173.0,45,0849e0a8-bc2f-4620-98fc-87680ff63052
45,YOU'RE STILL THE ONE,SHANIA TWAIN,214.0,46,c315363e-dcfa-48ec-b320-0407a9dc88ba
46,WHAT HURTS THE MOST,RASCAL FLATTS,215.0,47,40c3bd72-9044-4d12-aa98-3e2d5dd747fa
47,WHAT WAS I THINKIN',DIERKS BENTLEY,260.0,48,768f88c8-cab2-428d-b0a4-66eafce8b643
48,ACT NATURALLY,THE BEATLES,180.0,49,8f81d37c-3946-450a-ab24-abc87c53aa64
49,THE DEVIL WENT DOWN TO GEORGIA,CHARLIE DANIELS BAND,217.0,50,8856cd92-8000-4042-8855-04aa091e2e20
50,BAD THINGS,JACE EVERETT,163.0,51,9a21e9fa-f9c8-46a2-ae1d-0f620717b3ea
51,WAR ON WAR,WILCO,204.0,52,7001b760-1ed2-42fc-9439-56a19abb9b2b
52,AMAZED,LONESTAR,240.0,53,2c05aae6-6a9d-46d3-8793-8876affc083e
53,BIG RIVER,JOHNNY CASH,152.0,54,6a3d7e5e-20ac-45c6-bd03-56e5bd17ae5c
54,ANOTHER TRAVELIN' SONG,BRIGHT EYES,256.0,55,840d9de1-1ea5-419f-8123-fd132d92e7f5
55,I STILL MISS SOMEONE,JOHNNY CASH,156.0,56,1560d5ae-2c68-4b62-a0d4-263078e5a8d4
56,PEOPLE ARE CRAZY,BILLY CURRINGTON,231.0,57,09d047fb-6021-4a77-af8d-f755a617d8ea
57,LIFE IS A HIGHWAY,RASCAL FLATTS,276.0,58,beeace41-6d25-4147-8184-d63a17363a72
58,COTTON EYE JOE,REDNEX,193.0,59,6d436fb9-4ec7-4141-9575-739b1e02a52f
59,HOME,PHILLIP PHILLIPS,0.0,60,ac2963ec-0437-464f-aba2-37b8016589e1
60,FIFTEEN,TAYLOR SWIFT,295.0,61,2a1c1246-f93b-4403-918d-18c3aac324d3
61,FLOWERS ON THE WALL,THE STATLER BROTHERS,139.0,62,0af9e3c1-5325-4b32-ad84-8c2cb389a305
62,OUR SONG,TAYLOR SWIFT,206.0,63,08f535c5-b651-4cc2-a8a8-349aa6060b16
63,FEARLESS,TAYLOR SWIFT,240.0,64,882a8c40-b184-446d-8510-88460a6a6f11
64,COTTON FIELDS,CREEDENCE CLEARWATER REVIVAL,179.0,65,1b0f3695-a18a-404e-96f3-c14e71ce5809
65,CHICKEN FRIED,ZAC BROWN BAND,214.0,66,4d18d9aa-4c5a-4e25-95fe-6cc34eacc93b
66,MINE,TAYLOR SWIFT,259.0,67,721f020b-80bf-444b-a8cc-b09b0bc4a30e
67,I'M THE MAN WHO LOVES YOU,WILCO,266.0,68,4faabb0c-e15a-4c60-a8b7-0f448e5fa5df
68,ONE,JOHNNY CASH,235.0,69,43b13bee-bb41-4e28-95ff-57de098a6144
69,JACKSON,JOHNNY CASH,166.0,70,98ecfda8-a1fa-4cf9-99ab-0dfd731384bc
70,GUESS I'M DOING FINE,BECK,222.0,71,39d2f2af-f90d-4fad-af26-a328fdc16f83
71,OLD ENOUGH,THE RACONTEURS,237.0,72,37608e93-5c2b-4d0b-b9a9-f943664532c5
72,TEARDROPS ON MY GUITAR,TAYLOR SWIFT,0.0,73,0b108cee-ae05-4c34-8bb3-1f386ed7ae44
73,I KNEW YOU WERE TROUBLE,TAYLOR SWIFT,227.0,74,6c449b4b-4aa3-4a5f-b1e6-354d949d794a
74,FREE FALLIN' - LIVE AT THE NOKIA THEATRE,JOHN MAYER,0.0,75,
75,ASHES OF AMERICAN FLAGS,WILCO,280.0,76,81d53b65-6f7b-4b9f-86c9-2864536fde34
76,I HUNG MY HEAD,JOHNNY CASH,233.0,77,5ccdf1c5-c821-49dc-b30c-1da795300da5
77,CRAZY,PATSY CLINE,163.0,78,f7c39d05-e071-4228-90ac-8ae6c1d1f913
78,BREATHE,FAITH HILL,249.0,79,f5e1f826-87f1-4c80-8745-800f308c14e9
79,WAGON WHEEL,OLD CROW MEDICINE SHOW,234.0,80,80be7145-d704-418b-8aae-6f28bfd47b20
80,HARVEST,NEIL YOUNG,191.0,81,7b4776b6-c6fb-4937-aa55-fb26f0480de4
81,GOOD DIRECTIONS,BILLY CURRINGTON,219.0,82,f315bce8-0529-485a-ad45-f48687a6e2b0
82,SWEET VIRGINIA,THE ROLLING STONES,266.0,83,cd848e31-48eb-4d4b-8592-6b5f027eb25c
83,A BOY NAMED SUE,JOHNNY CASH,222.0,84,55f9bbc6-524e-42f9-aad5-b7bd6d07f923
84,OUT ON THE WEEKEND,NEIL YOUNG,275.0,85,8638fd52-adf6-49fa-b2d1-87ad54a08a72
85,22,TAYLOR SWIFT,227.0,86,acedac8b-dc8a-4a0c-9a07-36298239bd6d
86,CAN'T FIGHT THE MOONLIGHT,LEANN RIMES,216.0,87,d8cdb7db-d903-4394-a5f4-fd0778091e24
87,THE GOOD STUFF,KENNY CHESNEY,200.0,88,fbd17fd7-89ed-4500-b5e6-14fd66cf6a80
88,THAT DON'T IMPRESS ME MUCH,SHANIA TWAIN,222.0,89,296ebc3c-c061-449c-8d7c-9a5f9843e079
89,THE LONG WAY HOME,NORAH JONES,173.0,90,b0fbff20-ee9b-4b47-8fd5-d27ff81215c6
90,LONESOME TEARS,BECK,336.0,91,14f09a56-1bf0-470e-bf9b-552ef94d99b0
91,LONESOME TOWN,RICKY NELSON,0.0,92,0dece038-3a00-4632-ac2a-b7d26b30fd70
92,GUESS THINGS HAPPEN THAT WAY,JOHNNY CASH,110.0,93,15b2b779-f842-433f-947f-7936f7cd4584
93,HEY PORTER,JOHNNY CASH,132.0,94,b4b90fd0-539f-4b9b-bdbb-b3bd3fb634b5
94,YOU'RE NOT SORRY,TAYLOR SWIFT,261.0,95,20f265dc-26b1-4ec0-9788-85acb17d7f90
95,SISSYNECK,BECK,232.0,96,58470dfa-ebe7-48a0-a870-78766e91d1d3
96,MEAN,TAYLOR SWIFT,236.0,97,b1a1a847-33c9-4dc2-8c22-15838497c784
97,I GO BACK,KENNY CHESNEY,291.0,98,3da0be52-4600-49eb-b928-0a0ed870a3a4
98,BREATHE,TAYLOR SWIFT,267.0,99,55b11483-8786-4e78-88f5-e0a3e4765e84
99,POOR PLACES,WILCO,341.0,100,1732794b-010a-4903-aae0-87bc23749d85
100,TRANSFIGURATION #1,M. WARD,161.0,101,a00be1fd-ee2f-43b9-ac3e-f70985d1ebd3
101,PEACEFUL EASY FEELING,EAGLES,257.0,102,85af6aa2-3425-4fcd-8632-e2405b10af4b
102,CURBSIDE PROPHET,JASON MRAZ,313.0,103,170a9daa-de19-4ba5-9b05-86b1fbd680fb
103,HEY STEPHEN,TAYLOR SWIFT,256.0,104,be8df2b2-7965-4855-9699-0251a570f18d
104,BARTON HOLLOW,THE CIVIL WARS,0.0,105,426a5d83-9e89-46b1-9c59-9c5ac1b014de
105,MAN! I FEEL LIKE A WOMAN!,SHANIA TWAIN,256.0,106,4206f95d-6843-49cb-9734-68e4e88b929b
106,NOT READY TO MAKE NICE,DIXIE CHICKS,240.0,107,84f946f0-6653-4ce9-83cd-585f060291db
107,MUD ON THE TIRES,BRAD PAISLEY,263.0,108,676625f5-2475-4403-be5e-26522fe7c61d
108,DON'T TAKE YOUR GUNS TO TOWN,JOHNNY CASH,178.0,109,c21b28ad-965c-48fe-9335-b5f277fb7ee9
109,BEER FOR MY HORSES,TOBY KEITH,211.0,110,c88fc0b6-adea-4cb5-b2a4-9370ce54e1a1
110,STICKSHIFTS AND SAFETYBELTS,CAKE,128.0,111,8657c138-fed2-478f-abd7-bf7fe9cc2d68
111,BACK TO DECEMBER,TAYLOR SWIFT,291.0,112,d61b9907-6c58-46cd-ba52-ea0c4119898b
112,BLESS THE BROKEN ROAD,RASCAL FLATTS,226.0,113,f0df33cc-10ee-4bab-9d11-97a1fb111132
113,RESERVATIONS,WILCO,445.0,114,bd33daaa-1150-4349-8df5-e6d5dd658f8d
114,IN MY LIFE,JOHNNY CASH,177.0,115,7b047b75-7be0-4890-94b1-680e992f385d
115,COCAINE BLUES,JOHNNY CASH,203.0,116,7032f4bf-9d1d-4087-adec-e406c0e44074
116,STRONG ENOUGH,SHERYL CROW,190.0,117,7ca21c82-1345-44df-b7ac-035a6e05d4ed
117,LYIN' EYES,EAGLES,381.0,118,f4bd678a-f16b-479e-8df1-8233223c6878
118,BRIDGE OVER TROUBLED WATER,JOHNNY CASH,237.0,119,fbf8a328-f0bf-46e5-8d1e-7bbfc3ebf289
119,FOREVER & ALWAYS,TAYLOR SWIFT,237.0,120,0bc0ebeb-ff98-4be1-a2c5-4b47893e9ffa
120,RAIN IS A GOOD THING,LUKE BRYAN,174.0,121,a53e5506-74d5-4215-ad2f-0403737029e9
121,ALREADY DEAD,BECK,199.0,122,89e315d1-2cd7-456f-890b-f2a52d3ee57d
122,LOVE LIKE CRAZY,LEE BRICE,217.0,123,a87328ee-5151-429d-8bb6-6b609fa45767
123,AMERICAN HONEY,LADY ANTEBELLUM,240.0,124,1f59db8f-5226-4f39-9bd6-10aacc3db618
124,ORANGE BLOSSOM SPECIAL,JOHNNY CASH,185.0,125,03861391-9e00-49c0-b855-bd7d00297f90
125,YOU'LL THINK OF ME,KEITH URBAN,231.0,126,fd6db3f3-24e2-41a8-9442-1dcd598cf7dd
126,IT'S AMERICA,RODNEY ATKINS,212.0,127,32acd550-eb1a-48ac-b78c-37a3e7d75e56
127,FOLLOW ME,UNCLE KRACKER,215.0,128,5635f6fb-a352-41a9-b855-999ac80b5a05
128,OL' RED,BLAKE SHELTON,222.0,129,612d69dc-0906-4860-b806-eb801bf4793f
129,REDNECK YACHT CLUB,CRAIG MORGAN,224.0,130,9e509c7f-3302-4470-a716-cae6b5a726d5
130,FOLKIN' AROUND,PANIC! AT THE DISCO,115.0,131,fe4c78ab-76e2-46d2-ac57-99262c096169
131,WHAT KINDA GONE,CHRIS CAGLE,181.0,132,bf1d2962-1d96-447e-9d34-50af5046aebd
132,(GHOST) RIDERS IN THE SKY,JOHNNY CASH,278.0,133,441c050b-75bc-48f9-9480-72fed7c4e753
133,A MAN NEEDS A MAID,NEIL YOUNG,319.0,134,45086c8b-01f2-4088-9ac0-fdb0638cbb82
134,I GOT STRIPES,JOHNNY CASH,105.0,135,2cab630f-b807-4b68-b5a6-7a805891680b
135,BLUE EYES CRYING IN THE RAIN,WILLIE NELSON,187.0,136,1e0ff41e-80bc-4812-a57c-1735bf814d57
136,THE WAY I LOVED YOU,TAYLOR SWIFT,245.0,137,26b14fbc-8c89-4d15-ab44-fbb656cfc29f
137,"RUBY, DON'T TAKE YOUR LOVE TO TOWN",THE KILLERS,185.0,138,eee9a81a-0f50-4c39-aacb-c3ba542a71da
138,SOAK UP THE SUN,SHERYL CROW,0.0,139,8954bbdf-3e58-493e-a2e1-e15bf66ea4d5
139,FREE AND EASY (DOWN THE ROAD I GO),DIERKS BENTLEY,201.0,140,11571b59-8f4a-4c3e-9c88-35fe3a5f4162
140,WOULD YOU GO WITH ME,JOSH TURNER,228.0,141,4ef2b7da-74d1-45d8-9487-34cef6ad70f2
141,TELL ME WHY,TAYLOR SWIFT,200.0,142,b3863134-0129-4b46-89b4-cb39a99f7f54
142,THAT'S ALL RIGHT,ELVIS PRESLEY,116.0,143,d856d9de-396f-4744-b7d8-f963cf2c26a3
143,REV. GRIP,YO GOTTI,37.0,144,fd029e86-45c7-41bd-83bf-701438e72b85
144,TEQUILA MAKES HER CLOTHES FALL OFF,JOE NICHOLS,189.0,145,1bb154bd-5152-4f91-904a-e1f5f4170861
145,CHANGE IS HARD,SHE & HIM,183.0,146,658f3d2a-1d30-4563-a55d-b6600397ae6f
146,HIGHWAY 20 RIDE,ZAC BROWN BAND,229.0,147,55469ee0-cb30-4215-97ad-57500ad75e21
147,'39,QUEEN,211.0,148,16d2c90d-d688-4465-bb76-4a9e94b80729
148,ALWAYS ON MY MIND,WILLIE NELSON,211.0,149,19d0be93-fdbc-4510-8a5e-c849967a927f
149,A LITTLE MORE COUNTRY THAN THAT,EASTON CORBIN,172.0,150,a7fab0da-fe33-42f5-ab3a-f8675190aae9
150,STAY,SUGARLAND,282.0,151,a31d6572-f84c-4f73-bd9e-6e72cee5d2ef
151,SPARKS FLY,TAYLOR SWIFT,0.0,152,8fb6007c-9239-4fe4-b037-69a25f21eff4
152,ALABAMA,NEIL YOUNG,335.0,153,d7314f92-0346-4953-a187-01c13cb14262
153,BLUE BEARD,BAND OF HORSES,202.0,154,7b40016d-209e-4cec-8a68-12053c6cab58
154,I AM A MAN OF CONSTANT SORROW,THE SOGGY BOTTOM BOYS,192.0,155,cb340651-b2de-4ddc-987f-ba5364dd28c1
155,THE GAMBLER,KENNY ROGERS,248.0,156,de14a784-7cdb-475d-b267-cfb1f65d8e48
156,NO EXPECTATIONS,THE ROLLING STONES,240.0,157,e6720a37-9c31-4cca-93ad-ea7ff6a62517
157,GUNPOWDER & LEAD,MIRANDA LAMBERT,191.0,158,9116854c-8977-4312-b504-468c5ab0d3e2
158,I'LL BE YOUR BABY TONIGHT,BOB DYLAN,144.0,159,60163ab2-ec29-430b-a49f-b943b79cebd9
159,I CAN'T STOP LOVING YOU,RAY CHARLES,253.0,160,cfda1516-05d3-4543-9aae-742af00b273b
160,I'M SO LONESOME I COULD CRY,HANK WILLIAMS,167.0,161,e0fe10d7-65b5-471c-9a8e-73f34a36c9e0
161,I'M SO LONESOME I COULD CRY,JOHNNY CASH,160.0,162,8c488b0a-45f9-4734-948b-aa2602dfdf7e
162,I'VE BEEN EVERYWHERE,JOHNNY CASH,197.0,163,b930f210-5172-4f9b-836f-0805f69a7978
163,SUNDAY MORNING COMING DOWN,JOHNNY CASH,249.0,164,abb3b058-0a11-411f-8edb-1fdb05eebd30
164,BYE BYE LOVE,THE EVERLY BROTHERS,144.0,165,ca4eef24-c7d3-4ecb-a834-77ab4b443275
165,WHEN THE STARS GO BLUE,RYAN ADAMS,211.0,166,bd08eddf-b811-4653-b56b-892292c291bc
166,I HOPE YOU DANCE,LEE ANN WOMACK,294.0,167,f50f94ae-2e70-473d-9390-d4e4f12aa2b9
167,DIRT ROAD ANTHEM,JASON ALDEAN,229.0,168,681f6923-cfe5-4f2f-beff-c957742ee463
168,THE MORE I DRINK,BLAKE SHELTON,217.0,169,2b6e6ba2-e2f5-46a5-8883-677132ba4af6
169,PAY NO MIND (SNOOZER),BECK,263.0,170,73d5ee7c-ceba-432f-9955-299cfd02dc1c
170,RED DIRT ROAD,BROOKS & DUNN,260.0,171,b84f45b8-3a36-423a-bd92-38a51fa16af1
171,AS GOOD AS I ONCE WAS,TOBY KEITH,227.0,172,e33f2a21-f4e1-400a-bf62-20ac49aaef0c
172,FARMER'S DAUGHTER,RODNEY ATKINS,207.0,173,d746fda4-02a8-4f9b-8d9f-1894c8162c7a
173,WILD AT HEART,GLORIANA,223.0,174,45ba0982-556f-4505-9585-bda10f8e4cfb
174,DADDY SANG BASS,JOHNNY CASH,140.0,175,1934fc39-678d-46c9-9ab4-4baea3c7af7d
175,BLACK HOLE,SHE & HIM,254.0,176,c9037db1-3c6e-4c80-b342-7fee44c4367e
176,I LOVE THIS BAR,TOBY KEITH,333.0,177,0f6a9d7b-1a4a-4c51-8ab7-50b39d2c5f4e
177,CREEPIN' IN,NORAH JONES,181.0,178,80fbff40-0985-49c9-8540-54c7735ff556
178,WHAT LIGHT,WILCO,190.0,179,cd1a47bf-7690-47db-b1e0-feccc4618f3c
179,RUSTY CAGE,JOHNNY CASH,169.0,180,ab8ad3c8-dd26-4d3e-955b-a69d38861a72
180,SIDE OF THE ROAD,BECK,198.0,181,5f276821-b847-44c9-8ca4-ac9e90a3d4a1
181,AUSTIN,BLAKE SHELTON,230.0,182,10af243e-1278-497e-ace3-97d8467a1e53
182,COWBOY CASANOVA,CARRIE UNDERWOOD,236.0,183,a5243f59-3e8e-4291-8ba6-f677296fdd3a
183,MORE ADVENTUROUS,RILO KILEY,205.0,184,84c9fedc-3949-4dfb-905f-f864ce3f9c15
184,JUST A KISS,LADY ANTEBELLUM,218.0,185,91b8ad49-fcf4-4d3d-860c-4a656b2d263a
185,HUMMINGBIRD,WILCO,208.0,186,c94aecd9-fa8b-47f2-b328-0d69850319c5
186,FRIENDS IN LOW PLACES,GARTH BROOKS,259.0,187,17cadc83-feaf-4d2c-b93f-b9c43e8b5dd8
187,PICTURE TO BURN,TAYLOR SWIFT,213.0,188,2136db29-600b-4f8c-9ffd-60884f3de95f
188,SHOULD'VE SAID NO,TAYLOR SWIFT,245.0,189,317375d5-149a-43f3-9037-db6caac1e96a
189,YOU'RE GONNA MISS THIS,TRACE ADKINS,222.0,190,792818b7-801f-40d0-9d52-c50aef87d058
190,"CRY, CRY, CRY",JOHNNY CASH,146.0,191,f055c373-514d-460c-9160-2cebed60dfce
191,SAM HALL,JOHNNY CASH,195.0,192,5b503dd3-5f4f-4391-8567-d1149dc028df
192,RED,TAYLOR SWIFT,223.0,193,978b15fa-e23a-464f-96a2-3fb7e09dbb4f
193,END OF THE DAY,BECK,302.0,194,75ec4420-7b08-4744-abee-23d2dae1223d
194,"JESUS, TAKE THE WHEEL",CARRIE UNDERWOOD,228.0,195,97972ff5-8d63-4c8e-a863-80e4253c90de
195,COME PICK ME UP,RYAN ADAMS,0.0,196,4759e840-8cf5-4ec7-868f-9cf99bef8cd2
196,HOME,BLAKE SHELTON,230.0,197,010c0ddc-dbce-4e0d-b014-f5a8ff059000
197,THE BEST DAY,TAYLOR SWIFT,245.0,198,26290d76-ba05-4f65-acc8-6d08615f0489
198,TUESDAY'S GONE,METALLICA,545.0,199,57e0b06d-54c0-433e-9c01-8073b8810ae1
199,SHE THINKS MY TRACTOR'S SEXY,KENNY CHESNEY,248.0,200,11fc6576-77a2-4ba4-aba5-e9e87b674298
200,DESPERADO,JOHNNY CASH,193.0,201,64400609-b8d6-4692-ba26-158a45095447
201,ONE PIECE AT A TIME,JOHNNY CASH,241.0,202,1742bf1b-343e-4ced-8e00-679129732161
202,SOLITARY MAN,JOHNNY CASH,147.0,203,091bb8da-9e1c-44f5-ba54-b49af755a755
203,"LOVER, LOVER",JERROD NIEMANN,195.0,204,a26f9fd2-0353-4622-a079-17f8e5b79d02
204,SEEN IT ALL,JAKE BUGG,171.0,205,da07a472-dafd-4d59-a00c-091264caed65
205,YOUR MAN,JOSH TURNER,211.0,206,1ffe44e1-ccb5-430d-b950-bedd656b755f
206,THE FIRST CUT IS THE DEEPEST,SHERYL CROW,225.0,207,4a8f4f03-357f-4da9-9ed3-55ec4529c3a5
207,CHANGE,TAYLOR SWIFT,281.0,208,ea4faef3-2a6d-4325-ac21-b74398f228fe
208,LANDSLIDE,DIXIE CHICKS,282.0,209,416d4bd9-38b8-4535-8860-419763d3a1a9
209,THAT CERTAIN FEMALE,CHARLIE FEATHERS,183.0,210,e06e7afe-1273-4193-85dc-1c056163cc87
210,DANNY BOY,JOHNNY CASH,313.0,211,9f9c5025-3adc-419d-8006-35b640255274
211,SOUTHERN VOICE,TIM MCGRAW,242.0,212,2772490e-453c-4a19-a39d-4eeaf2a78a9f
212,TAKE IT BACK,SHE & HIM,188.0,213,9ae7c166-8128-4b7d-9f31-c1a5383accf7
213,WE'LL MEET AGAIN,JOHNNY CASH,177.0,214,89814c0c-3ead-4d77-9bb8-31be1b615c03
214,SETTLE FOR A SLOWDOWN,DIERKS BENTLEY,222.0,215,7cfe55e2-31b3-4a42-95e0-9118050388b8
215,SHE'LL COME BACK TO ME,CAKE,144.0,216,d18df159-c100-42cf-bfd1-77a14c55751c
216,TIM MCGRAW,TAYLOR SWIFT,240.0,217,4bea9dc0-11d3-4dc1-936b-73361da356eb
217,DEAD FLOWERS,THE ROLLING STONES,245.0,218,7e7b4e4c-b2d1-47b5-9001-c3ffc5759641
218,LOVE DON'T LIVE HERE,LADY ANTEBELLUM,230.0,219,7d24a911-b4e5-4f59-9511-15dc3c8d1ae2
219,EVERYDAY IS A WINDING ROAD,SHERYL CROW,250.0,220,24fdbca8-f5f2-4ee4-8ebc-064703c73061
220,VIVA LAS VEGAS,ELVIS PRESLEY,145.0,221,f547ff76-e91e-4c74-8dbf-9c2414e39d5f
221,EIGHT SECOND RIDE,JAKE OWEN,187.0,222,3c89b3a4-403f-4d6e-a408-49485c141003
222,MY FAVORITE MISTAKE,SHERYL CROW,273.0,223,5f0a6526-22b9-4968-907b-f1644f53eda8
223,SWEET JANE,COWBOY JUNKIES,0.0,224,0e9b7e3b-2912-4592-b335-2e7e8b3189a3
224,IT'S A GREAT DAY TO BE ALIVE,TRAVIS TRITT,242.0,225,2ff58802-2408-440f-8d50-06e50c531e97
225,SHE'S EVERYTHING,BRAD PAISLEY,269.0,226,f6edd946-9457-414a-9a20-f1d139cde301
226,I WON'T BACK DOWN,JOHNNY CASH,131.0,227,7e0f67ca-b858-4140-bf78-6f852c8b6561
227,COME A LITTLE CLOSER,DIERKS BENTLEY,283.0,228,3b166474-75f6-465e-96b1-3fab565f3866
228,AMARILLO SKY,JASON ALDEAN,203.0,229,22e43803-5753-455d-b8a9-a2f48c1c25f0
229,STAND BY YOUR MAN,TAMMY WYNETTE,161.0,230,2fee1f48-6a69-43df-a099-deef3b2a2ed4
230,THERE GOES MY LIFE,KENNY CHESNEY,302.0,231,8acce4de-6415-4408-9e79-9066aa2fff80
231,LITTLE BITTY,ALAN JACKSON,158.0,232,02a01f83-77e2-4cb3-9ab6-15839f1e937e
232,HOT DOG,LED ZEPPELIN,273.0,233,fdfef3dc-1877-4039-a132-e81f8b1b9f54
233,ACHY BREAKY HEART,BILLY RAY CYRUS,204.0,234,0f2ad8c9-794b-4f77-85f5-9afae62c1af7
234,COUNTRY HONK,THE ROLLING STONES,187.0,235,66eaa087-73a4-4ad3-ad73-54dad38a08df
235,15 MINUTES,RODNEY ATKINS,161.0,236,df4059f7-d9d1-4dc2-9f13-20c09e69af8c
236,BOONDOCKS,LITTLE BIG TOWN,272.0,237,f9d06fb6-1e12-4df9-9ec3-20dacfb38e1a
237,SKY BLUE SKY,WILCO,199.0,238,413910fc-c8ad-4747-a2fa-018b5d49d55a
238,KEROSENE,MIRANDA LAMBERT,185.0,239,3fef30d7-7f1e-47b9-ba85-33deb3baa18a
239,SHADOW DAYS,JOHN MAYER,230.0,240,3f958267-2c11-4030-9faa-3a8c81991f50
240,SOMEBODY LIKE YOU,KEITH URBAN,230.0,241,ba231e0f-d9ae-4094-b0c7-734ca18b89ea
241,ARE YOU GONNA KISS ME OR NOT,THOMPSON SQUARE,183.0,242,76e570dc-d892-40a7-ab7c-5cf26dc0f90f
242,"GONE, GONE, GONE",PHILLIP PHILLIPS,209.0,243,b45d16cf-c4bf-4bfa-b9c2-245a5423b18c
243,LOVE YOUR LOVE THE MOST,ERIC CHURCH,168.0,244,d70c29a3-199e-4149-a111-e692e9dbc23c
244,OLDER,BAND OF HORSES,208.0,245,b69ec30c-6de8-44ba-99ab-1bfded627c0a
245,BOOT SCOOTIN' BOOGIE,BROOKS & DUNN,0.0,246,
246,HANDSHAKE DRUGS,WILCO,370.0,247,6f9050b4-ccc4-49b3-b339-fdfb2d37b891
247,SHOULD'VE BEEN A COWBOY,TOBY KEITH,209.0,248,a7b3a10b-59e9-4851-9e23-e76be8fdce0a
248,COUNTRY ROAD,JAMES TAYLOR,248.0,249,95c0f051-8a15-4afd-8559-7d0e14742769
249,I RUN TO YOU,LADY ANTEBELLUM,253.0,250,6a069f62-90f1-4450-b593-40ca367f6410
250,BLIND LOVE,TOM WAITS,260.0,251,5751897d-1e5d-42f2-a69a-e96f464daafc
251,THIS KISS,FAITH HILL,196.0,252,e3fbf6e7-5143-4e39-8972-9f9f525154ac
252,"NEW YORK, NEW YORK",RYAN ADAMS,323.0,253,a6444f36-b717-4e9a-8eb8-599a2d760f88
253,SAD SONGS AND WALTZES,CAKE,195.0,254,17514e31-e00e-44aa-8450-c4a7fffa317b
254,KING OF THE ROAD,ROGER MILLER,147.0,255,e8c5d759-0a70-40ad-9495-5698ee6d4f80
255,I MUST BELONG SOMEWHERE,BRIGHT EYES,0.0,256,f9f7905b-e813-4b4e-a942-f33221dbf5e8
256,SPEAK NOW,TAYLOR SWIFT,250.0,257,0f399bf6-79f3-47a4-8300-d1f605bf6f29
257,BAREFOOT BLUE JEAN NIGHT,JAKE OWEN,167.0,258,8c464e37-2300-46c8-a4d3-cd97f5c3fe6a
258,AT LEAST THAT'S WHAT YOU SAID,WILCO,341.0,259,70c3d860-dab3-4a2f-ad7a-f403e5471714
259,SMALL TOWN USA,JUSTIN MOORE,220.0,260,b165ee6f-77f0-43ab-8798-5a8c6566ee91
260,JOHNNY CASH,JASON ALDEAN,190.0,261,7228cdfe-6802-4817-885f-89010cebf3f4
261,BIG GREEN TRACTOR,JASON ALDEAN,203.0,262,9d3a1a9d-d919-42ab-8929-30dc005ef8fd
262,WHISKEY GIRL,TOBY KEITH,192.0,263,acd73640-be67-4931-b3ce-8a02bb353513
263,THE STORY OF US,TAYLOR SWIFT,269.0,264,19a13877-bf87-49ca-850d-caa7fb8eba8a
264,LEAVING ON A JET PLANE,JOHN DENVER,220.0,265,b7324b3e-cbf8-4f87-96d5-7f47e1af4a30
265,CHECK YES OR NO,GEORGE STRAIT,190.0,266,28b1944a-2469-467f-80e4-810f22ec4e28
266,BLAME IT ON ME,GEORGE EZRA,189.0,267,e10f8bc9-ca58-4920-919a-8763ad4d75f1
267,ALL-AMERICAN GIRL,CARRIE UNDERWOOD,210.0,268,b2d73bcb-bbe8-4e4f-84c5-fecb40113f47
268,MAKING MEMORIES OF US,KEITH URBAN,236.0,269,a4ef944b-cb83-4ebd-9399-2f9f4d090334
269,BEST DAYS OF YOUR LIFE,KELLIE PICKLER,223.0,270,e33f4d21-2bb9-411a-9ae1-c2e7ece0ac0d
270,REMEMBER WHEN,ALAN JACKSON,271.0,271,8231c6e6-2572-407b-a226-691d98c9326f
271,WILDFIRE,JOHN MAYER,254.0,272,22a70f55-f29d-496c-aade-da3e33370177
272,GOT ME,SHE & HIM,165.0,273,804a4c4c-842f-4172-87da-9aad04fbfeb2
273,I CAN'T MAKE YOU LOVE ME,BONNIE RAITT,332.0,274,5690b243-ba46-4045-91c2-70297e37f1f7
274,TEAR STAINED LETTER,JOHNNY CASH,223.0,275,de883348-13a9-45be-82a6-2f257a304742
275,THAT'S WHAT I LOVE ABOUT SUNDAY,CRAIG MORGAN,200.0,276,93108e6a-1735-41c4-aba8-482460344161
276,STUCK LIKE GLUE,SUGARLAND,247.0,277,2ec826d6-3484-49f6-bcfc-3950ff7ffa6e
277,MY MARIA,BROOKS & DUNN,210.0,278,29c316fa-fb03-486c-a406-013d663cba0e
278,VOICES,CHRIS YOUNG,183.0,279,6f5c4787-23ee-42ab-bc5a-601f0a4246d0
279,FROM THIS MOMENT ON,SHANIA TWAIN,223.0,280,5f8ddb1e-a426-4b92-b57d-ad6fed915160
280,GOLDEN,MY MORNING JACKET,279.0,281,67e2bbc1-7868-4908-9359-6f0dfc044fe7
281,SOMETHING TO BE PROUD OF,MONTGOMERY GENTRY,256.0,282,0f2c7670-c145-4b05-a362-78fc4fd9f835
282,DAYS GO BY,KEITH URBAN,229.0,283,e55e5e35-e927-4bc0-ba8f-496c933db276
283,DOWN TO THE RIVER TO PRAY,ALISON KRAUSS,176.0,284,4862ea95-9e89-4175-8ed5-f54cf1b7cf92
284,ALCOHOL,BRAD PAISLEY,290.0,285,b443fee5-e071-4fcf-86ca-2e31d6867851
285,CRAZY TOWN,JASON ALDEAN,184.0,286,3ccf1e25-ea51-4e2e-a924-b35e140a36c5
286,ANNIE'S SONG,JOHN DENVER,180.0,287,b2ca7aff-f26d-4648-b154-db04ec4e62cd
287,ENCHANTED,TAYLOR SWIFT,353.0,288,c2013766-2c2a-4b80-ac5b-754623ff618c
288,THE HOUSE THAT BUILT ME,MIRANDA LAMBERT,228.0,289,778213ef-cac8-49d1-9af6-cc2611a3f8f7
289,SHE'S COUNTRY,JASON ALDEAN,218.0,290,075bfc25-e592-4ecf-b01b-9b9bb09bc1a0
290,WE RODE IN TRUCKS,LUKE BRYAN,270.0,291,de49c55f-a396-44a5-b34f-3ddd25c0acd8
291,FIVE FEET HIGH AND RISING,JOHNNY CASH,109.0,292,98c32739-f1d2-4977-91ad-437765244e0f
292,HONKY TONK BADONKADONK,TRACE ADKINS,241.0,293,20d284d9-ff14-41c7-b636-35dc24be516d
293,THE END OF THE WORLD,SKEETER DAVIS,156.0,294,5ddfe88c-9283-4cd0-ba1c-3a802f820ee3
294,WICHITA LINEMAN,GLEN CAMPBELL,216.0,295,ce737d01-f287-479f-889a-0b34b487abf9
295,"WHISKEYCLONE, HOTEL CITY 1997",BECK,207.0,296,82026a61-4977-4156-a26c-c6398d1da928
296,"HOLD ON, HOLD ON",NEKO CASE,164.0,297,ae1fc645-f893-4c2b-aa0a-5d10b03f5484
297,LITTLE MOMENTS,BRAD PAISLEY,219.0,298,08d04ed4-5900-440e-9ba2-ead0182bceb3
298,HATE IT HERE,WILCO,277.0,299,09603c7a-db37-4052-9dad-5fe133f8c241
299,THERE YOU'LL BE,FAITH HILL,0.0,300,8ab250b4-d67b-4eae-84a4-b767c9a8bbd2
300,MUST BE DOIN' SOMETHIN' RIGHT,BILLY CURRINGTON,263.0,301,452a01d2-f9aa-42f6-949c-f8b18c82b3b9
301,ROCKY RACOON,THE BEATLES,229.0,302,885303b9-4a49-4401-a60f-b1371e8d7b76
302,IT HAPPENS,SUGARLAND,181.0,303,b3e9c42d-0beb-483f-ad37-aff161777967
303,COWBOY TAKE ME AWAY,DIXIE CHICKS,287.0,304,c8f46b8b-29fd-4cd8-9e30-98c00c373d53
304,FAR FROM ANY ROAD,THE HANDSOME FAMILY,167.0,305,20e79b15-180a-4d0b-827f-5a61709a9b2b
305,I FALL TO PIECES,PATSY CLINE,0.0,306,a70e70df-5745-4b5f-80b2-ebc692ceb511
306,"FAR, FAR AWAY",WILCO,224.0,307,4e45153e-5f86-4fff-826c-ee2619373bb3
307,WASTED,CARRIE UNDERWOOD,274.0,308,a8e790f4-e781-4175-b4a4-9f5b5190f003
308,TONIGHT I WANNA CRY,KEITH URBAN,259.0,309,313dee33-414e-4f06-863e-e9dac55d272a
309,LAST NAME,CARRIE UNDERWOOD,242.0,310,afdb4118-71cb-43a3-88be-b0726f7797f1
310,LAUGHED UNTIL WE CRIED,JASON ALDEAN,202.0,311,00b6a858-5efd-44c3-b2c8-20337e6dabdc
311,COMPANY IN MY BACK,WILCO,247.0,312,6db333d1-b734-4b11-bca7-1a09b35c5fff
312,CRUISE,FLORIDA GEORGIA LINE,209.0,313,23c23a42-8209-4832-8b4f-4ed1d3b39fa2
313,THERE YOU GO,JOHNNY CASH,146.0,314,0ba2bf93-181c-4899-9aa6-b51102131ede
314,SPRINGSTEEN,ERIC CHURCH,260.0,315,de294185-b623-43e2-b810-5f8071906551
315,JUST A DREAM,CARRIE UNDERWOOD,286.0,316,ff857beb-19bd-4ec7-9fbe-ea110d228731
316,IF LOVE IS A RED DRESS (HANG ME IN RAGS),MARIA MCKEE,295.0,317,e92309a1-2b5c-403e-bf00-c2375d477a88
317,WHITE LIAR,MIRANDA LAMBERT,287.0,318,37950659-3e6a-42bf-98c8-248a0d45cdd4
318,DELIA'S GONE,JOHNNY CASH,180.0,319,374f4675-b1a7-43b2-b627-efde3426a189
319,JANUARY WEDDING,THE AVETT BROTHERS,228.0,320,d0ac1a05-5202-48e8-85e5-18a7b76ada0c
320,COUNTRY GIRL (SHAKE IT FOR ME),LUKE BRYAN,225.0,321,bc5595ae-725e-406b-b93d-37b483121ae8
321,AIN'T NOTHING 'BOUT YOU,BROOKS & DUNN,0.0,322,
322,YOUR CHEATIN' HEART,HANK WILLIAMS,0.0,323,9988bab5-45dc-4cdb-b5ff-eea321023aeb
323,REBEL ROUSER,DUANE EDDY,134.0,324,3f5a5a39-2cbb-4708-8f27-63489cb4c904
324,THE LONG BLACK VEIL,JOHNNY CASH,187.0,325,32e8e2c4-a98c-4b70-b8c7-01caed1fb165
325,DON'T LOOK BACK,SHE & HIM,210.0,326,d315b17e-43cb-4d93-ae56-6cec70e400eb
326,LEAVE THE PIECES,THE WRECKERS,210.0,327,a2934232-4aac-43a0-b4ba-08d62ee78aa5
327,ALL ARISE!,THE DECEMBERISTS,189.0,328,6da77722-5f5d-4e58-b2ba-97e99eec405a
328,MEXICO,CAKE,206.0,329,c824780e-c33d-41c7-b51e-92d4d3af95b2
329,WATCHING AIRPLANES,GARY ALLAN,297.0,330,32e422b0-78e6-4a1a-b91c-a415d2c2ae81
330,WHY DON'T WE JUST DANCE,JOSH TURNER,192.0,331,7adc716f-8caf-462b-a433-651abd7fa8eb
331,TICKS,BRAD PAISLEY,273.0,332,3b3c6ced-2f91-414b-a95e-92891dd26075
332,I'M STILL A GUY,BRAD PAISLEY,249.0,333,34ee93b5-cb67-4a2e-8162-bf12a767053c
333,AIN'T NO GRAVE,JOHNNY CASH,173.0,334,71857e7e-c3ee-41cd-b699-3feea897c8be
334,O KATRINA!,BLACK LIPS,170.0,335,be03d7b6-a4b5-4ea6-92a7-9c045085785d
335,UNDO IT,CARRIE UNDERWOOD,178.0,336,2abeb766-72f1-4481-8f94-ae12f0831331
336,IT'S A BUSINESS DOING PLEASURE WITH YOU,TIM MCGRAW,188.0,337,2468204a-9ce0-4101-85f1-a71eda68f51b
337,NITEMARE HIPPY GIRL,BECK,175.0,338,62dd7647-0dfa-4d2c-a464-431cc8ea528d
338,CHATTAHOOCHEE,ALAN JACKSON,149.0,339,aca66d90-85a3-4d73-9580-f99986ccb5f7
339,THEN,BRAD PAISLEY,321.0,340,e061aa59-f069-43a5-9aee-eaa5483990e5
340,ANY MAN OF MINE,SHANIA TWAIN,248.0,341,2b5b79ac-51fe-4fda-9f87-4bb32ae03199
341,COMES A TIME,NEIL YOUNG,189.0,342,75bad5e2-4505-4aa5-b0a5-af7960878781
342,KICK DRUM HEART,THE AVETT BROTHERS,184.0,343,3c64c033-0234-47ad-883e-fe1c89ceac9f
343,TICKLE ME PINK,JOHNNY FLYNN,210.0,344,26bd406f-a53d-43d6-a6e9-08ed1c8b36a3
344,HOW DO I LIVE,LEANN RIMES,248.0,345,46726d52-c6b4-4fa3-a6d8-719697f52728
345,DEAR DOCTOR,THE ROLLING STONES,202.0,346,e9028a4f-0fbc-47ee-af06-a3bcf171616d
346,BEER IN MEXICO,KENNY CHESNEY,270.0,347,b5fec118-701c-48fd-a3de-23fb088e09bf
347,THE BALLAD OF IRA HAYES,JOHNNY CASH,250.0,348,7cc69ab5-c00f-4be7-a4bd-3425d199cb71
348,FOLSOM PRISON BLUES - LIVE,JOHNNY CASH,0.0,349,
349,BALLAD OF A TEENAGE QUEEN,JOHNNY CASH,131.0,350,306a98ee-aa50-4cbc-97aa-a01de85acb45
350,WISHFUL THINKING,WILCO,286.0,351,998cd371-25f0-46d7-b36c-ff27aa314cd8
351,BETTER THAN REVENGE,TAYLOR SWIFT,228.0,352,ece2fcce-5229-452d-88be-92433b3721f9
352,THE MERCY SEAT,JOHNNY CASH,277.0,353,a342133f-251e-47b6-b5fd-51b4a895ec81
353,HE STOPPED LOVING HER TODAY,GEORGE JONES,198.0,354,65b970c6-e072-4d73-89af-ae2dee44be28
354,DON'T BLINK,KENNY CHESNEY,284.0,355,9992d136-8873-4a40-9dd9-011f5bf7a13e
355,ARE YOU READY FOR THE COUNTRY?,NEIL YOUNG,203.0,356,bb4d7377-9088-4206-af20-2937a843501f
356,HELL YEAH,MONTGOMERY GENTRY,290.0,357,da051e56-2f21-4c6a-8e55-2d6bb75e8153
357,OURS,TAYLOR SWIFT,245.0,358,ce796381-ab79-4516-be2f-e5720c6b234e
358,DESIRE,RYAN ADAMS,198.0,359,b5138630-2862-4010-af83-108d28745b3b
359,PLEASE REMEMBER ME,TIM MCGRAW,294.0,360,98d0a774-ecd8-4d79-8c4d-2946bdb4cbbe
360,DEAR JOHN,TAYLOR SWIFT,406.0,361,edbcede7-472e-4f57-8190-adca7321e35c
361,"HONEY, JUST ALLOW ME ONE MORE CHANCE",BOB DYLAN,121.0,362,1ecabf43-7c54-4d91-b9bd-152705daf6fc
362,COUNTRY SONG,JAKE BUGG,127.0,363,c10e5bf7-475d-48bf-9743-dab04eaac51b
363,COME BACK SONG,DARIUS RUCKER,235.0,364,2723934b-da62-420f-bdf1-e6adb497f635
364,ME AND YOU,SHE & HIM,199.0,365,e42c9246-d8e2-4baa-9f15-8a788cab3d6d
365,I SEE A DARKNESS,JOHNNY CASH,224.0,366,7685acee-e8e5-46c5-842f-1356544fdc6e
366,NEON MOON,BROOKS & DUNN,261.0,367,09025a4d-8ad8-41cc-b5f6-3b59aac7b0ce
367,THE DANCE,GARTH BROOKS,221.0,368,634649d7-bd30-488a-ae9a-2b7e94d6c3b7
368,SUDS IN THE BUCKET,SARA EVANS,229.0,369,84a3f7b2-4b82-4d1e-be1f-0c95e156a1ea
369,TROUBLE TOWN,JAKE BUGG,163.0,370,da780f8f-489c-46a7-8469-f239c5f2750a
370,I GOT A FEELIN',BILLY CURRINGTON,193.0,371,2114ea25-9932-4447-b07a-437323fe9a74
371,MARGARITAVILLE,JIMMY BUFFETT,248.0,372,38b107a6-56b3-4557-b1a2-977b318d7e5e
372,LONG TRIP ALONE,DIERKS BENTLEY,224.0,373,70181644-b5fa-4691-8b95-0bd448ed990d
373,SAFE & SOUND - FROM THE HUNGER GAMES SOUNDTRACK,TAYLOR SWIFT,0.0,374,
374,WANTED,HUNTER HAYES,229.0,375,f663a403-fc35-4889-ae2b-ebaaae1ad5d9
375,I WILL ALWAYS LOVE YOU,DOLLY PARTON,175.0,376,21173254-eab2-4b91-9072-be5dd0e3cfec
376,THE PERFECT SONG,THE NATIONAL,195.0,377,43888f7b-fa68-480e-bcb2-6331c71f6d93
377,DRUNK ON YOU,LUKE BRYAN,213.0,378,db2089c8-a5e4-464c-989e-3c7025be954d
378,I'M A WHEEL,WILCO,338.0,379,2e3c5319-515b-41ff-b9b7-7de40bb2d9fd
379,HIGHWAYMAN,THE HIGHWAYMEN,184.0,380,277494e7-bf84-4eda-8381-33b204c0a9de
380,PRODIGAL SON,THE ROLLING STONES,222.0,381,32142f16-313d-4ee8-9337-facf8f382739
381,I KNEW YOU WERE TROUBLE.,TAYLOR SWIFT,220.0,382,6c449b4b-4aa3-4a5f-b1e6-354d949d794a
382,BACKWOODS,JUSTIN MOORE,157.0,383,4079ad1b-85d3-4757-a699-ee9a82c051d5
383,OUR KIND OF LOVE,LADY ANTEBELLUM,248.0,384,d63ecd64-3d0c-47d6-b407-52afb31027ce
384,DON'T FORGET TO REMEMBER ME,CARRIE UNDERWOOD,240.0,385,42207da8-81ac-42c7-af0d-de0bb6bb0ed3
385,WIDE OPEN SPACES,DIXIE CHICKS,223.0,386,d57249d6-27ad-40fa-8e5d-0d5ef3f15633
386,DON'T,BILLY CURRINGTON,237.0,387,722d5ed9-5eb5-4ff6-9f67-ff0c59a81731
387,STREETS OF LAREDO,JOHNNY CASH,213.0,388,bdb9f552-1b87-489b-ba6c-7f973bf9f7ee
388,MY WISH,RASCAL FLATTS,246.0,389,b5b9c74f-5ec8-46e9-abe1-9fc757e7587f
389,PLAY SOMETHING COUNTRY,BROOKS & DUNN,0.0,390,
390,NEVER WANTED NOTHING MORE,KENNY CHESNEY,209.0,391,6b9eab78-327b-44b4-af50-cb8cec36fac1
391,FOR ANNABELLE,BAND OF HORSES,186.0,392,414b27ae-301b-4fbd-a932-a06262964a71
392,COPPERHEAD ROAD,STEVE EARLE,270.0,393,80616e7f-c614-483b-8a26-9d038544bfcb
393,KISS A GIRL,KEITH URBAN,226.0,394,f82b7bf6-0a1e-4de0-b22b-7a932191601c
394,THE WAY YOU LOVE ME,FAITH HILL,181.0,395,6be4fede-dbab-40b3-bf19-29417f2e7843
395,STEAL MY BODY HOME,BECK,334.0,396,d89a097a-4e90-4338-b116-067d9dfeb9c1
396,STUPID BOY,KEITH URBAN,381.0,397,7362065d-7468-4821-9eb7-4c02340bf9eb
397,DEVIL'S WAITIN',BLACK REBEL MOTORCYCLE CLUB,0.0,398,
398,SONG OF THE SOUTH,ALABAMA,194.0,399,70077140-261d-4417-a9a8-983a9d3b50be
399,I'M ALWAYS IN LOVE,WILCO,224.0,400,da368c13-29bf-4dd2-9df5-9b12cb53d596
400,SPIDERS (KIDSMOKE),WILCO,864.0,401,7e6ef60e-0c00-4b36-9c86-ae4f5411b9be
401,LOVESICK BLUES,HANK WILLIAMS,166.0,402,e1a18866-170e-492c-b6d0-b2b891bde493
402,FLESH AND BLOOD,JOHNNY CASH,157.0,403,096bb8ac-5781-45d3-86ac-e029b2b40efb
403,FROM HERE ON OUT,THE KILLERS,150.0,404,2342f7ab-104b-4f44-bb63-acecfd5af415
404,BEAUTIFUL WAY,BECK,343.0,405,ec811188-ea13-4f8a-9f31-154002f21266
405,ALL TOO WELL,TAYLOR SWIFT,329.0,406,7fad175c-f7dd-4b1a-b338-d60bff61afce
406,25 MINUTES TO GO,JOHNNY CASH,211.0,407,bfa1f61f-0076-4722-a893-19c96d8dcf39
407,TRYING TO STOP YOUR LEAVING,DIERKS BENTLEY,218.0,408,11281e0a-36bb-416d-9ad6-6ad94127d55a
408,AMY,RYAN ADAMS,183.0,409,b079c9ff-b92f-429b-98e9-3c9535939b5e
409,DEAD MELODIES,BECK,203.0,410,522183e9-a44a-439b-8e3f-cbc1b36912a2
410,LITTLE ROOM,NORAH JONES,164.0,411,b274dff2-24ed-4ce6-9888-7f0bdd1d3a3f
411,TWO,RYAN ADAMS,165.0,412,9d0712b0-08d8-4561-b933-c3332262987b
412,KEN KANIFF (SKIT),EMINEM,61.0,413,29dbf923-7b4f-45da-ab49-34a8980c5ec4
413,WALK ON BY,CAKE,226.0,414,db15df4f-f4c4-480b-b7ac-59debb1c1830
414,CHASIN' GIRLS,RODNEY ATKINS,209.0,415,1cb2ba8e-9109-4ebe-8387-2311a5568120
415,BEST I EVER HAD,GARY ALLAN,251.0,416,040524a3-1acb-417f-88ff-a5822a8f2394
416,HAUNTED,TAYLOR SWIFT,245.0,417,2bec67f7-fdd5-41ce-b424-22055889d60a
417,I SHALL BELIEVE,SHERYL CROW,334.0,418,9560f6cd-5835-4d62-804b-508006d0ecfb
418,ALREADY GONE,EAGLES,255.0,419,db171257-ffd5-42f1-8bd5-f96be08de9af
419,REDNECK WOMAN,GRETCHEN WILSON,222.0,420,1f2f27f1-8097-4ffe-8bd8-12da7621ec58
420,FIRST TIME EVER I SAW YOUR FACE,JOHNNY CASH,234.0,421,67b34e06-7b8c-455e-b325-2a23a57ed1f0
421,BROKENHEARTSVILLE,JOE NICHOLS,233.0,422,f3c4e37f-fb45-46b1-839d-5e4d3cd0dbef
422,LAURA LAURENT,BRIGHT EYES,391.0,423,6d2bcd5f-3618-4139-96fa-bfc372fa6f59
423,I'M ALREADY THERE,LONESTAR,255.0,424,e4a28875-0b2d-408e-8a5d-56d663586421
424,STATE OF GRACE,TAYLOR SWIFT,295.0,425,89d416fc-e23e-4e12-a8c0-a2e715b8f328
425,"OH, LONESOME ME",NEIL YOUNG,230.0,426,2f1737b5-e900-4990-9d24-a432b0c69cd3
426,A PLACE IN THIS WORLD,TAYLOR SWIFT,199.0,427,9a4c6749-6ac1-4412-a425-b3c46a27ade8
427,COUNTRY SONG,SEETHER,230.0,428,b5b31652-7c8e-4c24-86ba-a7c4e16e0f94
428,OH MY SWEET CAROLINA,RYAN ADAMS,339.0,429,37a86b34-7dc7-493a-a371-b8ae689395ff
429,LOVE WILL KEEP US ALIVE,EAGLES,245.0,430,2f8f1b62-ddc7-4ec9-bc02-2af2029202bc
430,PLEASE DON'T SAY YOU LOVE ME,GABRIELLE APLIN,180.0,431,156e0b6b-7209-425d-87e2-f84180f6c144
431,BEST OF MY LOVE,EAGLES,274.0,432,77fed1f5-58db-4e07-bcd7-e78135eb0fb9
432,CRY! CRY! CRY!,JOHNNY CASH,149.0,433,6e834d64-88eb-4d93-981e-c4e1a4592db3
433,STAY BEAUTIFUL,TAYLOR SWIFT,238.0,434,c9f876e3-548d-438c-848b-1ec6f47a4f88
434,BLOWN AWAY,CARRIE UNDERWOOD,240.0,435,20570c16-560b-406a-9c38-50ac75e352fc
435,CANCELED CHECK,BECK,247.0,436,431dc724-cc0a-4a5d-b6ac-bae7ce437003
436,PICKIN' WILDFLOWERS,KEITH ANDERSON,185.0,437,1d3f09d0-f39f-44ef-b78e-93caf84a55b8
437,HONEY BEE,BLAKE SHELTON,197.0,438,312638cf-0cfa-47ae-8cc5-ec3f9c0509a3
438,YOU DON'T KNOW ME,RAY CHARLES,0.0,439,2f0836e5-0b57-4357-8d74-3859ce8843cf
439,JUST GOT STARTED LOVIN' YOU,JAMES OTTO,234.0,440,b7c757c7-c58f-40e1-9413-7e26bb05d8f9
440,FUNNEL OF LOVE,WANDA JACKSON,128.0,441,1ea7a4ba-bd0b-40a6-a19e-c1a6e79a87d0
441,BEGIN AGAIN,TAYLOR SWIFT,237.0,442,6f3331bc-23ae-423d-9c3b-c754eeda2c07
442,THE THUNDER ROLLS,GARTH BROOKS,225.0,443,c1fe0610-9ff0-401b-8b84-7297c7ddc2e1
443,LAST KISS,TAYLOR SWIFT,372.0,444,617e7de1-1ec8-4775-89df-7eca984484e7
444,GOOD GIRL,CARRIE UNDERWOOD,205.0,445,bfd52acf-5a9c-4cc3-82d2-72f57e955202
445,HOEDOWN THROWDOWN,MILEY CYRUS,181.0,446,e6fab274-28fa-4d4d-aa75-782aa313e379
446,A THING CALLED LOVE,JOHNNY CASH,154.0,447,37ff0e6a-b391-43f8-bca2-30fb59193573
447,MISUNDERSTOOD,WILCO,385.0,448,9cba380f-24cf-4925-ac83-d94983454fdf
448,UNKNOWN LEGEND,NEIL YOUNG,0.0,449,19b0cbd4-c3de-4951-85ea-a19e19011a66
449,STANDING OUTSIDE THE FIRE,GARTH BROOKS,87.0,450,b4db7921-77aa-43c0-ac6e-3da308a6fad4
450,STAR WITNESS,NEKO CASE,316.0,451,21733dca-efd8-4387-b508-e6c6895f2d5a
451,WANT TO,SUGARLAND,215.0,452,02574290-4cba-4713-90b4-2fc9cf3bb91f
452,SO SMALL,CARRIE UNDERWOOD,225.0,453,6062b616-b6c2-45ab-81e1-57da9c9bfa84
453,COLD AS YOU,TAYLOR SWIFT,241.0,454,25aa1b18-5e85-454e-a15b-145d5559d0fe
454,LONG LIVE,TAYLOR SWIFT,317.0,455,10a72d45-cb69-413c-8969-9f0d3dfa27e2
455,I WANNA TALK ABOUT ME,TOBY KEITH,183.0,456,932eeb9b-fda1-4745-93fb-4757a91d29f9
456,DRIVE (FOR DADDY GENE),ALAN JACKSON,244.0,457,8b06e06d-a679-465b-8a8a-6da824d0d2c7
457,SOME BEACH,BLAKE SHELTON,206.0,458,40ed46e3-14d5-461f-938c-9e5a80e11570
458,ALL MY EX'S LIVE IN TEXAS,GEORGE STRAIT,0.0,459,bce341ab-5241-4958-bca0-12341f657d30
459,STILL,TIM MCGRAW,224.0,460,1477967b-7485-48a1-8cda-88107f235c61
460,FAST CARS AND FREEDOM,RASCAL FLATTS,262.0,461,d4fbd1fc-9d45-4286-bf60-e3eec9536fa0
461,MY WINDING WHEEL,RYAN ADAMS,228.0,462,50e75198-c0ab-4e2c-ad3b-54984d1cec70
462,MAMA TRIED,MERLE HAGGARD,127.0,463,c2a502b3-aba2-4d67-855e-9f9408e0bf49
463,CONCRETE ANGEL,MARTINA MCBRIDE,253.0,464,25c9ae5d-2a77-400a-b570-3f216fb12ffe
464,DUST ON THE BOTTLE,DAVID LEE MURPHY,224.0,465,6549248d-749a-4589-ab78-f6a8c1bc6b0f
465,NEVER GROW UP,TAYLOR SWIFT,292.0,466,668370e5-b196-4314-aff6-7a2d05b61958
466,THE MAN I WANT TO BE,CHRIS YOUNG,208.0,467,0377d474-0c72-41ff-8e96-0a752c740e34
467,THE WALL,JOHNNY CASH,132.0,468,61f6437e-24b2-46e7-8b80-267d8a87da1b
468,STAY STAY STAY,TAYLOR SWIFT,207.0,469,0740f3ee-346d-4788-b14d-c81a74e06f7c
469,EYES OPEN,TAYLOR SWIFT,244.0,470,caccc04b-198b-484a-b5d2-0fdd02c7eb8a
470,INDEPENDENCE DAY,MARTINA MCBRIDE,206.0,471,39387721-b7f0-4639-8bdf-7dc1e23202c9
471,BOOTS ON,RANDY HOUSER,171.0,472,8ea7dca6-39ea-44b5-b230-5c522d4a5ee7
472,HOW FOREVER FEELS,KENNY CHESNEY,189.0,473,6b543598-0cac-4f7b-80b0-385201f9fb8b
473,LAUNDRY ROOM,THE AVETT BROTHERS,291.0,474,12bf4e2e-bc95-4e3f-a411-64477e9f731e
474,PAPER DOLL,JOHN MAYER,258.0,475,80eb7903-62cc-419f-ae62-8aaba0836269
475,CAN'T STAND IT,WILCO,236.0,476,1a2cfea7-6288-4232-9230-ec3e9ea0af9c
476,SAVE A HORSE (RIDE A COWBOY),BIG & RICH,200.0,477,0b53f0ca-c444-4f0d-949a-23d0ab00e2b6
477,WAYFARING STRANGER,JOHNNY CASH,199.0,478,715aba52-2d3c-48cb-b588-8e2fbb3fc95a
478,HELLO MARY LOU,CREEDENCE CLEARWATER REVIVAL,132.0,479,7f8d43db-aae6-44a8-b0c2-254586d4ca8e
479,SINNERS LIKE ME,ERIC CHURCH,228.0,480,fc835621-3ff4-417c-a54c-5b7892becffe
480,ANSWERING BELL,RYAN ADAMS,184.0,481,96a08623-e671-4688-a332-f1b8be90a662
481,GETTIN' YOU HOME,CHRIS YOUNG,212.0,482,
482,WOKE UP THIS MORNING,ALABAMA 3,245.0,483,e9da99b8-a3f1-4987-99dd-1906c87909e6
483,INNOCENT,TAYLOR SWIFT,303.0,484,8cd37514-9cc4-4cba-b287-6617ebf02902
484,YOU'RE MY BETTER HALF,KEITH URBAN,253.0,485,18b8cd8a-0c99-444a-99c0-761ffadd40c7
485,ROCKY MOUNTAIN HIGH,JOHN DENVER,286.0,486,0560ee09-32eb-45c3-ab91-49fa87631ad4
486,RIGHT WHERE I NEED TO BE,GARY ALLAN,184.0,487,2b9a0ac1-c62f-41d4-8439-e4e4a498cc53
487,WHY,JASON ALDEAN,213.0,488,83540cd9-b99f-4548-ad3a-c62cce462de4
488,DON'T LOOK NOW,CREEDENCE CLEARWATER REVIVAL,130.0,489,ded3f61f-408a-4c7d-bb41-664612d353cb
489,HE LAYS IN THE REINS,IRON & WINE AND CALEXICO,223.0,490,b64d224d-d280-49db-96f9-97c0a8d0e374
490,TREACHEROUS,TAYLOR SWIFT,243.0,491,d22dab1f-b74a-44e6-ba33-bc5286506871
491,GONE,MONTGOMERY GENTRY,249.0,492,9ed08725-8e5e-4561-8f5f-82675189cc66
492,DON'T MAKE ME,BLAKE SHELTON,247.0,493,6b94d46c-5cea-4510-9710-e460ebb0fe87
493,STILL SUSPICION HOLDS YOU TIGHT,BLACK REBEL MOTORCYCLE CLUB,264.0,494,1f106a55-7ce1-4845-a3bd-ef1512f9d3d9
494,IN THE CITY,EAGLES,249.0,495,a8f0a06d-1f89-48d3-a1d5-eedab2eef1ec
495,A SHOT IN THE ARM,WILCO,296.0,496,d461cfbf-cc5a-4ca6-a6ee-2e4bce8adf58
496,THE RESCUE BLUES,RYAN ADAMS,218.0,497,bf98cb4b-fe57-403b-8925-f77dbcda9c1c
497,"FOREVER AND EVER, AMEN",RANDY TRAVIS,213.0,498,4d463144-6fd4-4059-ac62-718119d4af38
498,FORGET THE FLOWERS,WILCO,200.0,499,8ca7df66-6f68-4693-9a77-344c439a8b9f
499,YEE HAW,JAKE OWEN,172.0,500,95ef05c7-cdb8-4927-9161-ad99974ca447
500,BETTER AS A MEMORY,KENNY CHESNEY,252.0,501,7e2da1f8-d4d0-4826-8977-09de62282270
501,SING IT AGAIN,BECK,259.0,502,5b623bdf-22b4-414a-936d-0ea6ddae2d7e
502,CARRYING YOUR LOVE WITH ME,GEORGE STRAIT,231.0,503,b50c834c-33ea-44c3-81f5-744af2226615
503,LIVE LIKE YOU WERE DYING,TIM MCGRAW,296.0,504,3c95d357-a23f-4f36-ab01-5f9176b9c18c
504,SOMETHING TO TALK ABOUT,BONNIE RAITT,223.0,505,2c199a30-4081-47d9-8ee8-0ccc69f2aa24
505,DO I,LUKE BRYAN,239.0,506,553ccae9-db15-47dc-af6a-bc4c62e218a2
506,THE PERFECT SPACE,THE AVETT BROTHERS,301.0,507,494fc8d9-ea66-413e-9a67-5b85f475d97f
507,TOES,ZAC BROWN BAND,258.0,508,a16943df-ae00-4582-be74-c4112a1bb677
508,LOT OF LEAVIN' LEFT TO DO,DIERKS BENTLEY,235.0,509,1afd6a50-5920-4e25-b518-288b7809d585
509,COLDER WEATHER,ZAC BROWN BAND,273.0,510,f0f96847-7c70-4b54-b28d-d0f7667a5f25
510,LONG BLACK TRAIN,JOSH TURNER,252.0,511,e8be0a2f-7d75-4b32-a28e-750c7730e441
511,I ALMOST DO,TAYLOR SWIFT,244.0,512,680a297b-1716-4c82-b60a-8a84bd628719
512,LADIES LOVE COUNTRY BOYS,TRACE ADKINS,222.0,513,a429b5d5-fab5-4f01-b4cb-6601bbd03d64
513,NOTHING ON BUT THE RADIO,GARY ALLAN,211.0,514,efc0d8a8-a38e-4b5b-99c5-bd0af7dc5b6d
514,THE WANDERER,U2,284.0,515,b9a86ea5-52a2-4d54-b508-7eb689acb857
515,COAL TO DIAMONDS,GOSSIP,240.0,516,e201085b-8c77-43f8-9248-0dc6216f7c57
516,RED-EYED AND BLUE,WILCO,132.0,517,bce88b3c-71f5-4e99-a147-e2e0eddd72ae
517,I DON'T WANT THIS NIGHT TO END,LUKE BRYAN,217.0,518,ae8e9540-e404-42bb-9549-9d20199eae17
518,ONLINE,BRAD PAISLEY,296.0,519,32030a46-d777-486c-9ad5-b8777aae1695
519,PAY FOR ME,THE NATIONAL,202.0,520,e7021d00-befc-410e-b651-708ff6aa072a
520,COUNTRY BOY,JOHNNY CASH,0.0,521,ec0cdb72-e652-4e87-9c78-8b189054c9bf
521,EVERYTHING HAS CHANGED,TAYLOR SWIFT,246.0,522,545d5d8a-b0b4-431f-9f14-d37cc08c280c
522,MUTHERFUKER,BECK,0.0,523,ccf93ad3-ed73-46c3-9993-91633ee45aa8
523,TRAVELIN' SOLDIER,DIXIE CHICKS,343.0,524,72cebf29-7e06-4945-9497-f752fa31c26f
524,INTERNATIONAL HARVESTER,CRAIG MORGAN,230.0,525,9a5d9d9d-4e03-46fc-a9a2-ac66af26f196
525,RED LIGHT,DAVID NAIL,245.0,526,d6b6f040-f37a-4c60-947f-454e704a7bfd
526,JUMP THEN FALL,TAYLOR SWIFT,238.0,527,55e2b12d-9225-445a-bcae-069c23b091c4
527,CONSTANT CRAVING,K.D. LANG,279.0,528,ecded5db-0b4e-4c2f-b01c-c9d5aca9b7f4
528,HERE YOU COME AGAIN,DOLLY PARTON,180.0,529,c37b23c7-1fb7-492e-87e0-44152e1cdf98
529,COUNTRY DOWN,BECK,240.0,530,4b514017-868c-4783-bf75-461ca619edde
530,SIXTEEN TONS,TENNESSEE ERNIE FORD,156.0,531,8a60edc3-110f-4569-a1f4-2f1d3da589e6
531,HOME OF THE BLUES,JOHNNY CASH,160.0,532,b7624ecf-c766-4aa7-b3ef-c87ebb039cb2
532,SHE'S IN LOVE WITH THE BOY,TRISHA YEARWOOD,245.0,533,a155e8de-a15d-46a6-9906-a81903e742e4
533,MY TOWN,MONTGOMERY GENTRY,266.0,534,82196fb7-06e2-4763-b2ff-a32405dcc327
534,"RUN, BABY, RUN",SHERYL CROW,294.0,535,1e37d75c-615d-4f4f-b15c-fa55ae73841c
535,CALIFORNIA STARS,BILLY BRAGG & WILCO,298.0,536,8ad92273-a5d7-425b-956e-c9354322824a
536,JAMES DEAN,EAGLES,218.0,537,f64a8382-6eaa-4e96-9ab1-c5e559009bd0
537,FIRECRACKER,RYAN ADAMS,201.0,538,1e4f6d5a-942c-48da-9b61-1c0e1c1b256d
538,WALKIN' AFTER MIDNIGHT,PATSY CLINE,153.0,539,b378fe96-6c28-4072-a56c-b54eb0d4f7d1
539,FROM HANK TO HENDRIX,NEIL YOUNG,351.0,540,b1e2c3f0-0a57-4a12-ada9-565d009c4fdb
540,CALLIN' BATON ROUGE,GARTH BROOKS,177.0,541,66bfb862-6163-4a31-8d83-5fedda9341f8
541,IF TOMORROW NEVER COMES,GARTH BROOKS,225.0,542,9b06232b-3899-4100-8b5c-cce161c8bb18
542,GUYS LIKE ME,ERIC CHURCH,189.0,543,001b4f72-a195-4866-a99b-3046e5e206c1
543,WRITE THIS DOWN,GEORGE STRAIT,211.0,544,57090cac-6ed3-4c77-ac63-e07eab3fcc7c
544,RED HIGH HEELS,KELLIE PICKLER,222.0,545,5b5483c3-e072-47b5-90a7-bb69239105a9
545,MADE IN THE USA,DEMI LOVATO,196.0,546,a81905ed-bb3f-4b8a-9afc-ecd4775bb7c9
546,YOU MAKE ME WANT TO,LUKE BRYAN,209.0,547,5a5366fd-a51f-4b45-a375-fe44a89be9aa
547,UNDERSTAND YOUR MAN,JOHNNY CASH,163.0,548,e40ebf90-0cb7-4499-bd04-aab701b6feb9
548,SLIDE,JAKE BUGG,189.0,549,9bcaeb78-cf03-4179-85bb-9b9ef9d49759
549,BIG ROCK CANDY MOUNTAIN,HARRY MCCLINTOCK,138.0,550,63355475-0507-42da-a5a9-3a181fafafbe
550,FOR THE TURNSTILES,NEIL YOUNG,181.0,551,7ba8203c-df50-42d2-bc42-9f7727f26bea
551,WANTED MAN,JOHNNY CASH,242.0,552,26666a0f-2397-435c-8262-6c0aab996b92
552,I WISH I WAS THE MOON,NEKO CASE,214.0,553,14e0f69c-1159-4b32-9d4c-b9039d8e4927
553,LOST HIGHWAY,BON JOVI,254.0,554,78fc3b3d-bb64-499a-a0ba-571f839c6b71
554,WAIT SO LONG,TRAMPLED BY TURTLES,204.0,555,4c6b2a6e-6102-4474-a51b-a8b5ad9a0e94
555,DON'T YOU WANNA STAY (WITH KELLY CLARKSON),JASON ALDEAN,256.0,556,
556,TONIGHT I'LL BE STAYING HERE WITH YOU,BOB DYLAN,0.0,557,27b13aea-9f71-4c44-9aeb-0415e1c9b104
557,OKIE FROM MUSKOGEE,MERLE HAGGARD,160.0,558,c4462b72-3c6d-452f-b2b4-7de716065e3b
558,THE HAZARDS OF LOVE 4 (THE DROWNED),THE DECEMBERISTS,354.0,559,ef765788-9087-46ed-8044-57c42310505d
559,SUMMERTIME,KENNY CHESNEY,206.0,560,34af3d6d-ce41-4baf-b8a6-f641783113a3
560,RODEO,GARTH BROOKS,233.0,561,50d6f1f5-996d-47d0-9a0c-79f97776659f
561,TODAY WAS A FAIRYTALE,TAYLOR SWIFT,241.0,562,bdc3a14b-d210-4db9-a3b5-71750219fcc6
562,LITTLE BIT OF LIFE,CRAIG MORGAN,252.0,563,3229ee0d-3571-4212-b5c6-f515eaacc795
563,I TOLD YOU SO,CARRIE UNDERWOOD,259.0,564,429ed054-45d0-4258-99c4-64ecb89d1a6b
564,ARE YOU SURE HANK DONE IT THIS WAY,WAYLON JENNINGS,178.0,565,abfa23bc-3a08-469a-a38c-319b0c907b6a
565,COME ON OVER,SHANIA TWAIN,173.0,566,25259755-5395-47d1-bb57-6f7955271adb
566,LAZY DAYS,ROBBIE WILLIAMS,234.0,567,e0cd1fa9-1645-4f68-bb55-f5d63b7fa468
567,ARE YOU ALRIGHT?,LUCINDA WILLIAMS,321.0,568,cfd98650-c2d7-4c82-af12-7502db3c63e5
568,I'M ONLY ME WHEN I'M WITH YOU,TAYLOR SWIFT,223.0,569,bfeec9c7-5426-4ce8-9062-4c7ea9936228
569,JUST ANOTHER DAY IN PARADISE,PHIL VASSAR,223.0,570,e81df761-9a0b-4e3c-9d34-39ba05beeae5
570,STOP STANDING THERE,AVRIL LAVIGNE,207.0,571,b1d399d5-423e-4cea-9d4b-f90d1d0b6170
571,BRAND NEW MAN,BROOKS & DUNN,180.0,572,830a616f-43be-4d5e-9033-8d7ce216c6fa
572,SAUSALITO,CONOR OBERST,189.0,573,2f31df0a-97b3-40c1-9a29-8e8df73d46cb
573,SOMETHING MORE,SUGARLAND,218.0,574,3dd5f155-28cb-4ad6-beb5-eb92c6945b1a
574,HOLY GROUND,TAYLOR SWIFT,203.0,575,dc37c55f-4ef3-4493-b5e2-233d6e749e64
575,I'LL FIGHT,WILCO,263.0,576,9c042eb4-ae0c-4c70-b03c-13baf6f32331
576,(GET OFF YOUR) HIGH HORSE LADY,OASIS,246.0,577,933e0d84-af14-4d84-8e2e-a27abff2a38b
577,JACKSON,JOHNNY CASH & JUNE CARTER,0.0,578,
578,SAY YOU MISS ME,WILCO,247.0,579,1be15ac8-b27f-49c4-8b1b-fbfa0a1a5150
579,AMERICAN RIDE,TOBY KEITH,168.0,580,f07fc951-f4ae-4759-8bf7-4fb695c2dde0
580,LOVE ME,THE LITTLE WILLIES,233.0,581,c246d05b-9d6c-4795-a7ac-c50fda0758f2
581,ME AND BOBBY MCGEE,KRIS KRISTOFFERSON,216.0,582,c948538b-524a-4353-a34a-1fd629c88a7f
582,MILLION REASONS,LADY GAGA,0.0,583,
583,AMERICAN SOLDIER,TOBY KEITH,220.0,584,d7f4027a-9bcb-4196-84f2-74023f08c9d1
584,HERE COMES GOODBYE,RASCAL FLATTS,245.0,585,1be5b81e-3dc0-4fd5-8193-ed128c59dd25
585,PAINT ME A BIRMINGHAM,TRACY LAWRENCE,0.0,586,c6d23e1f-bf67-4554-8b90-3bb6b9558c38
586,WE'RE JUST FRIENDS,WILCO,168.0,587,4bd33250-776d-4fb3-84d4-34965cf891eb
587,SMILE,UNCLE KRACKER,202.0,588,99ecfa4a-7fd7-4d0f-9ee0-1fb746477633
588,THESE DAYS,RASCAL FLATTS,332.0,589,6d7103e4-8efc-44d1-87e1-7090525fe7eb
589,FISHER OF MEN,M. WARD,191.0,590,73eea28e-fb8a-49cf-a254-314eeeefa323
590,TAKE IT ALL AWAY,CAKE,237.0,591,39ab4a60-201a-4e7b-9721-2cad486ef1a0
591,THANK GOD I'M A COUNTRY BOY,JOHN DENVER,185.0,592,eed5fab4-9203-4feb-8677-57ec8bb94031
592,BIG IRON,MARTY ROBBINS,237.0,593,32557eb7-03dd-46e0-bb3a-618c3a00c952
593,SPEED,MONTGOMERY GENTRY,240.0,594,977eca09-5e49-4468-a9f7-0c1ff68151db
594,TIED TOGETHER WITH A SMILE,TAYLOR SWIFT,251.0,595,9dd26e68-cdf4-40a3-9e46-5b606b0c304e
595,MISUNDERSTOOD,ROBBIE WILLIAMS,241.0,596,d2ffb518-d0dd-45b2-8c8b-0649d18e961a
596,LIFE AIN'T ALWAYS BEAUTIFUL,GARY ALLAN,226.0,597,67df2089-cbc3-48f5-8f88-406a118584c7
597,BLUE BAYOU,ROY ORBISON,149.0,598,12300b51-7d73-48b8-8554-0e0de43fb2db
598,ROCK ISLAND LINE,JOHNNY CASH,129.0,599,0625536f-225e-4862-835e-158d184a7327
599,SYMPATHETIC NOOSE,BLACK REBEL MOTORCYCLE CLUB,257.0,600,04619875-c1e9-4f19-8753-d023ffbd665a
600,ALRIGHT,DARIUS RUCKER,231.0,601,afcef32b-39e0-4e8e-946e-1bb3140acd07
601,SETTLIN',SUGARLAND,203.0,602,e65eeb19-9456-4c2f-a02a-69dac3e11d38
602,I THREW IT ALL AWAY,BOB DYLAN,145.0,603,dd318dfe-91b0-4a82-a520-e4771eb4c07f
603,"TO BE YOUNG (IS TO BE SAD, IS TO BE HIGH)",RYAN ADAMS,184.0,604,eb5d7a81-70bb-43d5-9ac0-3e764bf6bf83
604,MARY'S SONG (OH MY MY MY),TAYLOR SWIFT,215.0,605,d5a2b74f-781c-4501-960f-f788c8dc7e30
605,A CALL TO APATHY [TENTATIVE TITLE],THE SHINS,0.0,606,
606,THE OUTSIDE,TAYLOR SWIFT,208.0,607,91823633-8f8a-41f1-a6b3-32b625bc2799
607,WE OWNED THE NIGHT,LADY ANTEBELLUM,199.0,608,3d15e32a-c2fe-41b4-bad2-6a73f54f0147
608,THAT'S HOW COUNTRY BOYS ROLL,BILLY CURRINGTON,224.0,609,7134355b-c9b7-41da-8277-2b16e50d2cdd
609,BUSTED,JOHNNY CASH,78.0,610,fecea40f-8092-4783-ace2-1735cc8962d7
610,WHEN YOU SAY NOTHING AT ALL,ALISON KRAUSS,260.0,611,08787e72-9562-4ad9-bd0d-b49beb6ebb57
611,THIS TORNADO LOVES YOU,NEKO CASE,200.0,612,fe8c3043-a785-4a23-b814-f894b1ae18fe
612,HOW FAR DO YOU WANNA GO?,GLORIANA,229.0,613,996e8bc8-106d-4ca8-846e-78967a253449
613,LUCKY MAN,MONTGOMERY GENTRY,196.0,614,f0638c28-3d7f-4db9-a654-8af0184637ab
614,15,RILO KILEY,170.0,615,3c4046ec-dfb1-43f2-8f5c-0cb38ab75ff1
615,ISLANDS IN THE STREAM,KENNY ROGERS & DOLLY PARTON,250.0,616,190a2dc3-6472-4935-a520-9aa431f1d118
616,MEET IN THE MIDDLE,DIAMOND RIO,199.0,617,9af982a1-8792-4adc-8cee-de16ebf9f93e
617,TROUBADOUR,GEORGE STRAIT,177.0,618,d4f1c2e9-5ba0-4f0a-be75-2d3e89cdbc21
618,LETTER TO ME,BRAD PAISLEY,280.0,619,7c521252-6a12-4625-a864-22722e4e8c0e
619,I'LL STAY ME,LUKE BRYAN,182.0,620,
620,GOODBYE EARL,DIXIE CHICKS,259.0,621,95669a10-d17c-4aa8-9d51-21293a43d87b
621,BETTER LIFE,KEITH URBAN,231.0,622,bacdbde9-fe08-4e17-95f8-57e11c92f357
622,ALL MY FRIENDS SAY,LUKE BRYAN,239.0,623,2f16bb53-9cbd-45fd-ace6-1295387eb04f
623,COUNTRY MUST BE COUNTRY WIDE,BRANTLEY GILBERT,195.0,624,664e8a52-7de6-4b41-bb2c-b4c2a78dd1cd
624,ROLL WITH ME,MONTGOMERY GENTRY,234.0,625,d67e8f58-13d0-4c74-8b5c-fd10430087f0
625,EVERYWHERE I GO,LISSIE,214.0,626,66fb9239-7c17-464d-bc7f-193103b7d554
626,DON'T THINK I CAN'T LOVE YOU,JAKE OWEN,185.0,627,0becd5d7-7501-41be-983e-c497c86b5303
627,CROSS-TIE WALKER,CREEDENCE CLEARWATER REVIVAL,199.0,628,53d23fb5-5aa7-40be-a7c2-a8b3805c11a2
628,IF YOU EVER STOP LOVING ME,MONTGOMERY GENTRY,0.0,629,d3871ac4-1132-4576-bf13-c33022cece02
629,COUNTRY LEAVER,THE DANDY WARHOLS,199.0,630,53f3182f-6f85-4917-aa81-f25010b7b10b
630,CRAZY,WILLIE NELSON,239.0,631,328453c8-9417-4177-afcf-ef0545c015cb
631,STARLIGHT,TAYLOR SWIFT,221.0,632,c9d7109d-e97c-464d-975e-3543f6bfc262
632,CRIPPLED INSIDE,JOHN LENNON,227.0,633,079c5e7b-9b5c-4179-b0ee-47f2ec146d5f
633,CARBON MONOXIDE,CAKE,189.0,634,6246f54d-f765-490e-aacb-51d3fdb09674
634,ART ISN'T REAL (CITY OF SIN),DEER TICK,168.0,635,7984ce28-df8b-4fe6-9a1e-cfa9cf5bde41
635,BIG WHEEL,TORI AMOS,198.0,636,5cf2e82d-42d7-46f2-a77c-86ac0fc1ca83
636,IN COLOR,JAMEY JOHNSON,290.0,637,978bd724-bfbb-415a-b272-f66c6e966772
637,DILAUDID,THE MOUNTAIN GOATS,175.0,638,667978a3-4661-404b-9cea-37b9a4d89809
638,KING RAT,MODEST MOUSE,330.0,639,b1cf6ece-6b82-43a4-9968-0b9956960f27
639,NOTE TO SELF,JAKE BUGG,160.0,640,d36dbf18-52aa-4773-9bd8-8132b03577cd
640,GIMMIE THAT GIRL,JOE NICHOLS,185.0,641,e4807a69-4a10-491b-82e1-fba6e91574f1
641,SONGS ABOUT RAIN,GARY ALLAN,234.0,642,efc95b79-6571-4b86-92b9-a0ad087609c0
642,STAND,RASCAL FLATTS,206.0,643,efcf86fa-dee5-4245-badd-1efd357164d6
643,DON'T ROCK THE JUKEBOX,ALAN JACKSON,171.0,644,ecd5ea0a-19f1-4bc0-8073-0f983c3a2264
644,EVERYBODY KNOWS,RYAN ADAMS,146.0,645,613f61f6-1894-4647-8d68-4dba132a8e76
645,SAD BEAUTIFUL TRAGIC,TAYLOR SWIFT,284.0,646,c41b5edd-0cf7-4a6c-a908-e6ae9ef9238c
646,IF I EVER GET AROUND TO LIVING,JOHN MAYER,321.0,647,048f0917-a2c8-4ce6-a36c-90998004a177
647,THE BEAST IN ME,JOHNNY CASH,167.0,648,2a96c318-7d51-4e21-963e-d150682278ed
648,SHE WON'T BE LONELY LONG,CLAY WALKER,206.0,649,f8858b9b-36df-4519-99f9-f6e39524e8d2
649,ENTROPY,GRIMES,0.0,650,
650,FAR AWAY,JOSÃ‰ GONZÃLEZ,282.0,651,243eb331-397d-4f0e-9e10-516153022bf2
651,THIRTEEN,JOHNNY CASH,202.0,652,4f997623-cd16-477d-94d8-e3427ae950f2
652,THE LUCKY ONE,TAYLOR SWIFT,240.0,653,af5314f6-2fab-4529-9cdf-ff6ffb04e8be
653,I LIVE FOR YOU,GEORGE HARRISON,219.0,654,4cce693d-7da0-474b-9f2d-d91a392f7d6b
654,MARGARET VS. PAULINE,NEKO CASE,0.0,655,a23e2330-1f0a-46a4-b39c-36b8b4c21542
655,ROSE GARDEN,LYNN ANDERSON,178.0,656,c8bb0cba-ed99-48c2-a96c-93428f8e3f73
656,MAYBE SPARROW,NEKO CASE,157.0,657,d6de1837-3e25-4e81-b940-42d4331906ef
657,STARTIN' WITH ME,JAKE OWEN,234.0,658,1956e4cd-dd8e-4ee6-b6f8-6a394491efd1
658,THE ANGELS HUNG AROUND,RILO KILEY,183.0,659,84d36828-4cca-48a1-8927-4818f7fd0c6d
659,GONE COUNTRY,ALAN JACKSON,260.0,660,aca03909-6d4a-4b75-bccb-190293804084
660,BEAUTIFUL MESS,DIAMOND RIO,228.0,661,e922e00d-efb1-4605-8879-934a3c3ec362
661,DRINK IN MY HAND,ERIC CHURCH,191.0,662,79768264-8da5-4079-a836-9b5171d92a15
662,PRAY ABOUT EVERYTHING,LUKE BRYAN,196.0,663,c9efc3c4-f716-43fe-964c-a2b10e333c22
663,PRETTY GOOD AT DRINKIN' BEER,BILLY CURRINGTON,178.0,664,5e1777aa-2676-47ab-b5b6-ab8bd6027450
664,ROMANCE IN DURANGO,BOB DYLAN,324.0,665,14615a96-ef61-4b36-a2ef-39bd7533d9c0
665,WHAT'S THE WORLD GOT IN STORE,WILCO,189.0,666,692a9a00-1ce2-4439-9802-c2c7a1260cfe
666,SUNKEN TREASURE,WILCO,411.0,667,72883eb1-1a91-43b2-9a03-e25a11c428ec
667,IN MY TIME OF DYIN',BOB DYLAN,159.0,668,750b475a-59f7-4a5b-bc62-f46d4e948670
668,A BOY NAMED SUE (LIVE),JOHNNY CASH,228.0,669,10e41f02-ca07-4abe-a20e-50e7b82c50a7
669,THAT TEENAGE FEELING,NEKO CASE,162.0,670,a8620244-2b37-4c2e-9796-66df240e7c7a
670,DON'T THINK I DON'T THINK ABOUT IT,DARIUS RUCKER,184.0,671,76730b05-6d37-434a-bd43-68001732691f
671,GEORGIA ON MY MIND,WILLIE NELSON,220.0,672,daf98398-870f-4049-90b9-f74763f5bc7f
672,NOBODY,JOHNNY CASH,193.0,673,68feebd1-5139-45d2-bcb4-fc08da88c041
673,FURTHER ON UP THE ROAD,JOHNNY CASH,204.0,674,508da453-eeb1-4072-9331-c8ce2b3a6292
674,ODE TO BILLIE JOE,BOBBIE GENTRY,252.0,675,5b7e8019-63b5-4561-bd0a-0ee7f9fa3bab
675,KEG IN THE CLOSET,KENNY CHESNEY,212.0,676,92c28beb-38be-4e29-8b48-785a4d73a715
676,99 PROBLEMS,HUGO,137.0,677,7fc14e45-39ac-47b2-87c6-37b4a3bfe05f
677,LUNGS,TOWNES VAN ZANDT,150.0,678,292e58d5-ed18-4fe2-9f47-44eb12496046
678,THIS LOVE,TAYLOR SWIFT,250.0,679,84bd2543-751d-4f56-a840-f28106b31fb7
679,WHEN THE DEAL GOES DOWN,BOB DYLAN,0.0,680,d0340406-210d-40ef-8a47-d3acda31d411
680,ALL I WANT TO DO,SUGARLAND,215.0,681,8151fb0c-1ffc-4183-97ef-06226de3aabf
681,TWO PINK LINES,ERIC CHURCH,208.0,682,85c57be1-3749-4da4-af94-74f79dfc6334
682,WAYFARING STRANGER,JACK WHITE,265.0,683,d46e8cc0-74f7-4200-8d67-4245639f3910
683,MONDAY,WILCO,230.0,684,41c32a6a-ee2b-4e31-89a4-24b2a622e8e9
684,IF YOU COULD READ MY MIND,JOHNNY CASH,269.0,685,851877ad-561d-496e-8196-6a52c0ae7a64
685,CRAZY GIRL,ELI YOUNG BAND,206.0,686,68d06664-629e-4c42-824f-53d7d6ce9128
686,CRAZIER,TAYLOR SWIFT,192.0,687,110cca71-8e9f-4f4c-8160-433927cd5384
687,HELLO WORLD,LADY ANTEBELLUM,326.0,688,e524caa2-578b-45d8-abef-da71c277bc83
688,PEOPLE GOT A LOTTA NERVE,NEKO CASE,153.0,689,a3edf6f0-39f1-46c3-864a-09e1f99eb821
689,I'M A RAMBLIN' MAN,WAYLON JENNINGS,166.0,690,2351359c-896e-4d7a-9b39-bd2e43547b2b
690,SLIGHT FIGURE OF SPEECH,THE AVETT BROTHERS,142.0,691,9cd9fca4-87e3-4289-ae4b-cb174796c20b
691,DEAR MARIE,JOHN MAYER,226.0,692,2d0a6723-faf3-4ca4-8846-4867e70eb797
692,SHAME,THE AVETT BROTHERS,259.0,693,c6f1b06f-59ce-4933-87f5-47412a7e9d04
693,ALL YOUR LIFE,THE BAND PERRY,232.0,694,ce9193ed-f172-4249-ba66-12e3eb317df9
694,KILLING THE BLUES,ROBERT PLANT & ALISON KRAUSS,257.0,695,c844679e-e47e-4861-afed-91408d315ec5
695,SOMETHING ABOUT A WOMAN,JAKE OWEN,193.0,696,d229d367-8979-4182-8bf0-82b8ed86e2ef
696,ALMOST HOME,CRAIG MORGAN,286.0,697,e6cda3ad-8e93-48cb-b968-189ba92a92f1
697,A SATISFIED MIND,JOHNNY CASH,170.0,698,e4f34634-493a-466a-99ae-14039c02cb71
698,TURPENTINE,BRANDI CARLILE,182.0,699,1494b05e-8ac9-4d03-a124-3e6e66fc1bfc
699,I COULD KICK YOUR ASS,JUSTIN MOORE,194.0,700,873e1120-7da4-4bb6-8ca9-b3c2a93dbae8
700,WAITING,CAKE,236.0,701,917210c8-9fb9-4bbe-8a00-c139a545860c
701,EVEN IF IT BREAKS YOUR HEART,ELI YOUNG BAND,221.0,702,cd15ee31-eea2-4133-b306-3742dd35004a
702,IF I NEEDED YOU,TOWNES VAN ZANDT,198.0,703,a92869e0-6e51-4816-87d5-f432ae75fb59
703,SEND A PICTURE OF MOTHER,JOHNNY CASH,131.0,704,31a392a8-9892-439c-b2b4-fc062f49d9d1
704,EL PASO,MARTY ROBBINS,267.0,705,ae7c85e0-71f3-46db-9f1c-342f94ef7228
705,I WON'T,COLBIE CAILLAT,228.0,706,821087dc-c466-421a-aff5-9e8f17763b55
706,FIRECRACKER,JOSH TURNER,209.0,707,510adfad-f422-4810-8448-e24cc39b2811
707,"I BREATHE IN, I BREATHE OUT",CHRIS CAGLE,244.0,708,503920f8-b6fe-4ffd-b2ce-2442eda79553
708,ALL OVER ME,BLAKE SHELTON,194.0,709,a016e858-8cff-4619-bad4-cb5ed1a4c1df
709,MY DARLING,WILCO,218.0,710,3c038285-fb68-42c4-8ec6-c6210c888a69
710,LIVIN' OUR LOVE SONG,JASON MICHAEL CARROLL,231.0,711,e88435b5-9b6c-4e93-8587-0808be2a32ac
711,UNTOUCHABLE,TAYLOR SWIFT,311.0,712,d63fdec4-ec43-49fb-bb54-a761015f5789
712,I STILL MISS YOU,KEITH ANDERSON,237.0,713,79e60e25-f7e3-47aa-b441-ea64710f59e3
713,HARDER NOW THAT IT'S OVER,RYAN ADAMS,272.0,714,a7b9e3b8-db36-4fdf-9430-cf7a1350df09
714,ANGEL BAND,THE STANLEY BROTHERS,138.0,715,34e1303e-85bb-47c9-9231-ccfc1b0ea72b
715,SUMMER TEETH,WILCO,201.0,716,35bb4f75-bce3-4331-bc0a-7f0615ac9f3a
716,HIGHWAYMAN,JOHNNY CASH,158.0,717,277494e7-bf84-4eda-8381-33b204c0a9de
717,PIEHOLDEN SUITE,WILCO,196.0,718,6c8c451b-c635-4fe9-b38a-1a86370bdea9
718,RHINESTONE COWBOY,GLEN CAMPBELL,197.0,719,5d44b97d-78b5-494d-8abd-fb6e36ca17ef
719,I WONDER,KELLIE PICKLER,237.0,720,6b5e5720-dffc-45b4-8a72-ddf93dda033a
720,COME IN WITH THE RAIN,TAYLOR SWIFT,238.0,721,c7c90377-8a8b-4fbf-8e84-846828239a12
721,WAGON WHEEL,DARIUS RUCKER,298.0,722,1e32766d-be4a-4162-85c7-15a9fd82add8
722,HILLBILLY DELUXE,BROOKS & DUNN,0.0,723,
723,FANCY,REBA MCENTIRE,298.0,724,aeb73f00-056c-476f-9116-045e46614d45
724,BARKING AT THE MOON,JENNY LEWIS,199.0,725,8a06cd17-e127-49cd-8ad7-f033d24f8f54
725,BY THE TIME I GET TO PHOENIX,GLEN CAMPBELL,165.0,726,899ecd9c-f2b9-4489-b9d7-5cc315326888
726,COUNTRY TRASH,JOHNNY CASH,145.0,727,4caddac2-10cc-44d6-9450-1d057cdcf9a7
727,I THOUGHT THERE WAS TIME,BLAKE SHELTON,205.0,728,dd1ab938-d1f4-443d-ab8a-f10f921e2ad4
728,FIRST LOVE SONG,LUKE BRYAN,276.0,729,ad2e4695-5e91-429a-9edb-dd9a579dfd6e
729,HALF MOON,IRON & WINE,195.0,730,7d68fec2-5135-4ab8-8f4e-a3fb68aa5114
730,MY FRONT PORCH LOOKING IN,LONESTAR,224.0,731,ec27e44a-38f0-4077-9676-59ed26e05d18
731,DARK AS THE DUNGEON,JOHNNY CASH,185.0,732,b870b59f-97f9-47a4-b6d5-00ace20341f6
732,CLIMBING TO THE MOON,EELS,235.0,733,dcaa95b1-d4f2-4469-bc4d-c4f6ce968ae3
733,TATTOOS ON THIS TOWN,JASON ALDEAN,202.0,734,5bbf3ffc-c882-4a3f-97cc-676238dec28e
734,THE GOOD KIND,THE WRECKERS,222.0,735,039690c7-25ca-44b0-b285-f3b3f53f2e57
735,GYPSY DEATH & YOU,THE KILLS,0.0,736,
736,DOMINATED LOVE SLAVE,GREEN DAY,0.0,737,614a8807-7cda-4c4c-994b-e20925721452
737,SOUL SUCKIN' JERK,BECK,0.0,738,
738,TAKE A BACK ROAD,RODNEY ATKINS,210.0,739,c6341b85-8af2-4990-9b91-b4114d5f5358
739,HOW AM I DOIN',DIERKS BENTLEY,228.0,740,35659a76-f6bb-4070-882d-d2ac2e271a56
740,SMOKE A LITTLE SMOKE,ERIC CHURCH,191.0,741,9420dd8d-450a-422d-bbe7-86eb66efd633
741,A WIDOW'S TOAST,NEKO CASE,0.0,742,
742,WHATEVER IT IS,ZAC BROWN BAND,210.0,743,d0e0e026-1af0-4e1e-a9f2-f64b73b02d17
743,ILL WITH WANT,THE AVETT BROTHERS,245.0,744,f3b9069d-e06d-4e9d-b3d7-a2fd9c38ec31
744,FOX CONFESSOR BRINGS THE FLOOD,NEKO CASE,162.0,745,eb8729c3-627d-44df-bdb6-37735c5ee17f
745,JUST TO SEE YOU SMILE,TIM MCGRAW,215.0,746,c09ca9ec-e003-4612-bbb8-d2bf3b66f6ac
746,GONE GONE GONE (DONE MOVED ON),ROBERT PLANT & ALISON KRAUSS,214.0,747,9bff3ceb-301a-443c-8be9-e343e9853033
747,SOME HEARTS,CARRIE UNDERWOOD,228.0,748,0cf884cf-a66f-424c-a78c-d5002d798902
748,THESE BOOTS,ERIC CHURCH,228.0,749,bf4db94b-47ff-4a9e-8720-9f23245b410a
749,YOU LIE,THE BAND PERRY,216.0,750,e0908fe9-cb2f-48a6-a341-57bfecc00711
750,A LITTLE BIT STRONGER,SARA EVANS,301.0,751,3b022564-fcd7-4392-9d08-e852021445ec
751,RICH WOMAN,ROBERT PLANT & ALISON KRAUSS,245.0,752,9e68f169-d2d1-4501-8f39-877c9f619291
752,FLY OVER STATES,JASON ALDEAN,218.0,753,6b5cf31a-09f5-465b-bc41-4199483b172e
753,LAREDO,CHRIS CAGLE,228.0,754,47a889b9-11f3-4a1b-aced-7d1fae12bd6b
754,LOVE COMES TO ME,BONNIE 'PRINCE' BILLY,0.0,755,
755,BY YOUR SIDE,BEACHWOOD SPARKS,296.0,756,a1f1adcb-7064-4fac-8b56-c965bdc9b412
756,ELT,WILCO,251.0,757,a0542c25-20d5-49d8-a31c-c3968c127dc8
757,THIS,DARIUS RUCKER,220.0,758,92e3f7b5-59a0-4655-b44e-cc8bdbc4ba11
758,LITTLE RIVER,THE TALLEST MAN ON EARTH,225.0,759,64ef9413-f9db-4a25-92b1-930e7e78b1c2
759,MORNING SUN,ROBBIE WILLIAMS,247.0,760,eacb1ea2-1000-4a65-9eb3-571d1b15c098
760,WHEN YOU WAKE UP FEELING OLD,WILCO,204.0,761,a4bd8ab7-3de0-4084-bb8d-99d93a0f6c7a
761,TIN MAN,THE AVETT BROTHERS,182.0,762,7e484e64-3995-45d6-9468-d20ea76df182
762,LOST IN THIS MOMENT,BIG & RICH,0.0,763,
763,ANT FARM,EELS,128.0,764,23d3bdbb-d9fc-41d2-a45e-6878c1c1d563
764,BACK THAT THING UP,JUSTIN MOORE,154.0,765,5686e332-9232-4b48-971d-a7e02d6b0649
765,I LOVE A RAINY NIGHT,EDDIE RABBITT,191.0,766,214b0d12-dc21-4aaa-b468-43f0f3038cce
766,HELP ME,JOHNNY CASH,128.0,767,5fc51e07-0adc-45ad-8e3d-a82d35b53231
767,SHE ONLY SMOKES WHEN SHE DRINKS,JOE NICHOLS,202.0,768,5e39a4d8-252b-4948-b685-11710605886d
768,LONG TIME GONE,DIXIE CHICKS,250.0,769,86741319-5e30-45a0-bf87-1059ede34dbe
769,EVERYTHING HAS CHANGED (FEAT. ED SHEERAN),TAYLOR SWIFT,246.0,770,
770,I TOLD YOU SO,KEITH URBAN,242.0,771,5e821514-9bd6-4304-93cb-0b663c63103f
771,GIVE IT AWAY,GEORGE STRAIT,208.0,772,f17c2c4f-7a1b-4ecc-94e7-81bca0a963d9
772,WAY OUT HERE,JOSH THOMPSON,245.0,773,8881f510-a6d6-4d49-a553-43ffdd66f62f
773,FOLSOM PRISON BLUES (LIVE),JOHNNY CASH,164.0,774,b78d9aa8-645e-4e74-bd68-fd9bbbf935ac
774,FEELS LIKE TODAY,RASCAL FLATTS,201.0,775,b4de1ff7-94d6-45c3-8972-79ac0f7c2cb1
775,TO BE ALONE WITH YOU,BOB DYLAN,130.0,776,ce6a425f-9f9f-4608-947e-43ba8f17a3ce
776,MY MEDICINE,SNOOP DOGG,0.0,777,
777,COUNTRY BOY,ALAN JACKSON,246.0,778,8cbde79c-7389-462f-9878-608f54848aaa
778,SOMEDAY SOON,WILCO,153.0,779,79c60f8e-dff9-431c-be8d-a55f00b98d5d
779,PAPA WAS A RODEO,THE MAGNETIC FIELDS,387.0,780,af783526-06cb-48f6-b41b-ef2f9823fd1c
780,MOUNTAIN MUSIC,ALABAMA,254.0,781,f58dd19b-c6b1-4948-adba-87b7f4eec61d
781,TIME MARCHES ON,TRACY LAWRENCE,184.0,782,2fe5fde0-93f3-44b9-8af9-411036738971
782,YOU,CHRIS YOUNG,163.0,783,8742e7b5-b558-44d8-bca5-db4b7c057a02
783,COUNTRY DEATH SONG,VIOLENT FEMMES,303.0,784,c68114c4-6229-438d-8a55-67141a9acb28
784,OCEAN FRONT PROPERTY,GEORGE STRAIT,186.0,785,e807505c-fd0a-45ca-afa5-85a30c6e4c96
785,ALREADY GONE,SUGARLAND,278.0,786,a884473e-8240-4c67-8157-d1b609cfae48
786,SO DOGGONE LONESOME,JOHNNY CASH,164.0,787,12bc7879-1b34-496f-9048-a14d439fa345
787,THIS ONE'S FOR THE GIRLS,MARTINA MCBRIDE,244.0,788,11f888e8-101c-4308-b22f-faf345a6fc3c
788,I'M IN A HURRY (AND DON'T KNOW WHY),ALABAMA,168.0,789,ba77d44a-4988-443a-8038-c21651327a24
789,I CAME TO BELIEVE,JOHNNY CASH,224.0,790,9a5079e2-d16b-4dbf-8dd8-4a2a205795d7
790,SOMEONE WATCHING OVER ME,THE ZUTONS,214.0,791,b0f39497-7910-4db5-abcb-5cc918934663
791,ACID TONGUE,JENNY LEWIS,234.0,792,ea3fd8fe-1512-459d-bef4-04f9ed73487b
792,BALTIMORE BLUES NO. 1,DEER TICK,0.0,793,35efd575-320f-47e5-b861-49d55b3952bb
793,RAMBLIN' MAN,HANK WILLIAMS,183.0,794,1b88d869-d1ec-47c1-afd2-ee66fd2d3240
794,I'M GONNA MISS HER,BRAD PAISLEY,227.0,795,d845adf9-d987-4829-a544-df8c3f5ff7fd
795,"SOMEHOW, SOMEDAY",RYAN ADAMS,302.0,796,dbbfee1b-02d3-4550-ae02-3095e1a6fc82
796,NOBODY GIRL,RYAN ADAMS,582.0,797,3f718f78-2e9f-4eb7-9b76-67ee925bc1c5
797,THE LEGEND OF JOHN HENRY'S HAMMER,JOHNNY CASH,506.0,798,2be8902e-9b59-4f83-b902-da4779b2b6d9
798,TOUGHER THAN IT IS,CAKE,181.0,799,1750f8ca-410e-4bdc-bf90-b0146cb5ee35
799,BEG STEAL OR BORROW,RAY LAMONTAGNE AND THE PARIAH DOGS,0.0,800,
800,LIKE THE 309,JOHNNY CASH,275.0,801,4251bb25-6b7c-4cd8-8a8c-34e26d9343cb
801,BORN THIS WAY (THE COUNTRY ROAD VERSION),LADY GAGA,261.0,802,f53b4649-364b-471b-bf98-91e2c224f665
802,NASHVILLE SKYLINE RAG,BOB DYLAN,194.0,803,0a12f3a7-d320-43ad-b777-2e949eae0977
803,IT'S SO EASY,LINDA RONSTADT,147.0,804,427987b6-5916-41b6-95a7-ecb3cb7ed8f0
804,MOVE IT ON OVER,HANK WILLIAMS,172.0,805,07bd80d5-3933-4b0c-88b3-0fcb3cbca2a9
805,PENTAGRAM,CAKE,139.0,806,24ca9a8b-0adb-4957-bd6a-067fe0af03a4
806,BEFORE MY TIME,JOHNNY CASH,177.0,807,0dc051bc-78b1-413e-b60b-4f65f9f5b5c2
807,KINGPIN,WILCO,0.0,808,835df049-d28e-4238-b2f8-fe4e209b6680
808,EVERY LIGHT IN THE HOUSE,TRACE ADKINS,179.0,809,a2ec315d-b118-4439-a051-c4375e92ac61
809,MISS ME BABY,CHRIS CAGLE,236.0,810,5ec85310-cca3-4d36-a77c-464f5490656d
810,PAPA LOVED MAMA,GARTH BROOKS,164.0,811,ed86fc41-2882-4278-aeb4-d1ace4f0e9b5
811,HERE FOR THE PARTY,GRETCHEN WILSON,196.0,812,e185a7ff-a164-4699-90a4-714228fac9fc
812,"STAND STILL, LOOK PRETTY",THE WRECKERS,171.0,813,f97a2505-14ea-4b8c-93dd-389e551bbe16
813,SOMEDAY THE WAVES,IRON & WINE,0.0,814,
814,WATERMELON CRAWL,TRACY BYRD,183.0,815,e2e94d90-ebc1-4024-aaa3-1175aca63d10
815,THE IMPOSSIBLE,JOE NICHOLS,246.0,816,95e48367-d7c3-499e-a83a-b3392223bc45
816,JOHN SAW THAT NUMBER,NEKO CASE,246.0,817,197ae3cc-963f-43b8-ae2b-aba9e55787a3
817,FAMOUS IN A SMALL TOWN,MIRANDA LAMBERT,245.0,818,1bc24562-474f-42b3-88e1-20e7e44e98b1
818,BACK WHEN I KNEW IT ALL,MONTGOMERY GENTRY,237.0,819,6769a492-e296-459f-ad15-25128c7a1c00
819,YOU ARE WHAT YOU LOVE,JENNY LEWIS WITH THE WATSON TWINS,172.0,820,c5a1bf54-1746-4699-b11b-c33e32434c5e
820,DIRTY KNIFE,NEKO CASE,198.0,821,289840fa-3260-41b0-be67-86a192679e06
821,ALONE WITH YOU,JAKE OWEN,182.0,822,4e773886-f99f-47ef-bb77-5e07d4be4ef8
822,CRY,FAITH HILL,226.0,823,09796c73-9420-40ca-9fde-f8d40221ec02
823,WILLIN',LITTLE FEAT,176.0,824,6d11e14e-8ea1-496d-b00d-bf366fc6b9ab
824,THE WORLD,BRAD PAISLEY,243.0,825,1c089936-d662-4924-8fd0-98d85bd0fe6d
825,THERE'S YOUR TROUBLE,DIXIE CHICKS,192.0,826,ac8fe55d-e3e8-4e95-ae47-f66359f6c33d
826,LONG BLACK VEIL,THE BAND,186.0,827,d1e2ec1b-36f3-42c1-91f2-ca333d7d1041
827,BLUE,THE JAYHAWKS,203.0,828,224ef939-706e-4c71-bd8e-aa8be6336d40
828,SHE DON'T KNOW SHE'S BEAUTIFUL,SAMMY KERSHAW,171.0,829,f0c0c81e-99c4-4948-a320-c66e83bd4fdd
829,STARTS WITH GOODBYE,CARRIE UNDERWOOD,246.0,830,1c3c4e74-e031-4648-892d-e746eade1d89
830,A-YO,LADY GAGA,0.0,831,
831,CAN'T HARDLY STAND IT,CHARLIE FEATHERS,165.0,832,49aed508-d0ba-4dc1-8ad1-357a26a10c73
832,IN A FUTURE AGE,WILCO,195.0,833,be2d253d-2b90-4703-b20a-6ca9531e251f
833,AMOS MOSES,JERRY REED,141.0,834,f4ce2f3b-8537-4693-9b2b-6d4f5654198f
834,TEMPORARY HOME,CARRIE UNDERWOOD,261.0,835,7e57e931-73e8-4191-a988-27ab35defeb7
835,BLACK HEART,CALEXICO,288.0,836,993bb2ce-79b5-4937-be67-2e66934bf195
836,SOMEONE ELSE'S SONG,WILCO,248.0,837,40030539-8bc9-4501-ae99-9c252f2262c3
837,THE NEEDLE HAS LANDED,NEKO CASE,225.0,838,39d0ce81-e7a9-4fa1-aee1-c28e1bc266a2
838,DEARLY DEPARTED (FEAT. ESMÃ‰ PATTERSON),SHAKEY GRAVES,212.0,839,
839,SAN QUENTIN,JOHNNY CASH,0.0,840,1587e365-a9df-4cae-9b9f-b4cb228cb4be
840,BIRD ON A WIRE,JOHNNY CASH,241.0,841,6ebb87e8-275d-4d4d-a5f3-89801c5259db
841,I NEED YOU,LEANN RIMES,228.0,842,cba2a1fc-6679-4c1d-a8c6-6cc003236567
842,DEAR LANDLORD,BOB DYLAN,196.0,843,cc4c5e87-21b7-4a3d-8748-1a8ab79d8c42
843,AT LAST,NEKO CASE,95.0,844,b4366654-8dbd-4e6f-86d9-2f1ea4fdd508
844,THE DEVIL WENT DOWN TO GEORGIA,CHARLIE DANIELS,218.0,845,a63148b5-732c-48e1-96c3-da36b6ec47fe
845,EYELESS IN HOLLOWAY,JOHNNY FLYNN,245.0,846,2678ec1c-ffdc-4ecf-a28a-a7aa3c5cd7ba
846,CALL ME ON YOUR WAY BACK HOME,RYAN ADAMS,264.0,847,62009741-679a-414a-83a9-c94c958cb12b
847,ONE MORE NIGHT,BOB DYLAN,144.0,848,2180f4b9-c00b-474f-ba35-a9bef3074a5c
848,FOR THE SAKE OF THE SONG,TOWNES VAN ZANDT,264.0,849,4cc5e92c-ee36-4bdd-b206-da8c42cb3a75
849,THEME FROM RAWHIDE,THE BLUES BROTHERS,159.0,850,2ce201fe-b153-4bfa-a127-aa779f648018
850,JOHN WESLEY HARDING,BOB DYLAN,177.0,851,db5cd217-8693-43d4-a843-85b8f411b3b6
851,FUNKY SQUAREDANCE,PHOENIX,579.0,852,132540af-4533-47ee-b826-40215ba71d33
852,AS I WENT OUT ONE MORNING,BOB DYLAN,169.0,853,dc92e8c1-9f1a-4b4e-8743-5527c6ddb29b
853,GOD GAVE ME YOU,BLAKE SHELTON,230.0,854,a7b931b5-e9a5-49e4-a8b9-3cd0b1be992e
854,I GOT A WOMAN,ELVIS PRESLEY,135.0,855,4d1feaa3-28e4-4a65-a3b2-e04a312d8c26
855,IF THIS WAS A MOVIE,TAYLOR SWIFT,236.0,856,a50eb062-ad7d-4861-8096-ea2dc8e26278
856,FATHER TO A SISTER OF THOUGHT,PAVEMENT,209.0,857,717a2ff8-b218-4fca-bc9f-42fe704ec5ab
857,UNANSWERED PRAYERS,GARTH BROOKS,222.0,858,b3425e52-01a6-48c6-84bb-580111609658
858,IF I WAS YOUR MAN,BLAKE SHELTON,219.0,859,7a06271c-da13-4787-be4d-91d0201298b6
859,BORN TO LOSE,RAY CHARLES,198.0,860,0af5b18a-d278-4dfc-bf2f-d16a13328734
860,LION'S JAWS,NEKO CASE,0.0,861,
861,ANGEL OF THE MORNING,JUICE NEWTON,257.0,862,aafeacc2-fd9f-461d-b86f-615354565379
862,DANCIN' AWAY WITH MY HEART,LADY ANTEBELLUM,232.0,863,c48945a1-acba-4ac4-b0b6-cd5fca7a697c
863,THE LONG WAY AROUND,DIXIE CHICKS,273.0,864,f39e9045-5b6b-433b-af80-79a8e791c19f
864,FLUSHED FROM THE BATHROOM OF YOUR HEART,JOHNNY CASH,159.0,865,70f581be-c0df-458f-84d5-f40d61325bd3
865,PLEASE READ THE LETTER,ROBERT PLANT & ALISON KRAUSS,353.0,866,a1939825-7cbc-4495-82c7-ff970d3892d9
866,LETTERS FROM HOME,JOHN MICHAEL MONTGOMERY,270.0,867,4c0fb67b-d5b0-489c-b4ef-e078045124c5
867,HELP ME MAKE IT THROUGH THE NIGHT,KRIS KRISTOFFERSON,136.0,868,b3724c99-297e-4b91-9bd9-33c1ba117a83
868,BONFIRE,CRAIG MORGAN,179.0,869,ec9bcf17-c9fe-4609-a3a4-2b74d0b7baa2
869,I'LL WAIT FOR YOU,JOE NICHOLS,246.0,870,a2b2d95d-bde4-491b-b29d-9f924f9d790b
870,DIDN'T YOU KNOW HOW MUCH I LOVED YOU,KELLIE PICKLER,285.0,871,223aaf35-d8c6-4b74-b7f6-146668c256a4
871,"HONEY, I'M HOME",SHANIA TWAIN,215.0,872,c3235ec9-f8fc-46ed-af64-8f2b683814e7
872,OVER YOU,MIRANDA LAMBERT,253.0,873,f9323193-b2e5-44c4-b956-c46778aa77a7
873,PEGGY DAY,BOB DYLAN,122.0,874,07b3f738-da20-4792-ab9a-c19ecbd96a79
874,WHAT I ALMOST WAS,ERIC CHURCH,201.0,875,35f279f5-534c-4c7f-906c-3de77bb99100
875,EASY SILENCE,DIXIE CHICKS,245.0,876,55ebd9e5-ac30-4907-9abd-d9f9b5247742
876,LIFE GOES ON,LEANN RIMES,211.0,877,66bb556c-b706-4c56-ab7f-ecf9c1ef007c
877,RELENTLESS,JASON ALDEAN,221.0,878,b9d3025b-f665-4459-b625-21c6ae78c9e6
878,WHOLE LOVE,WILCO,229.0,879,f0a1c55b-ba12-4497-8dcb-4109dd8c81bc
879,OUTTA MIND (OUTTA SIGHT),WILCO,201.0,880,2d52539f-7b07-4a8a-8cf4-8fb9b7ba6ae0
880,I DON'T WANT TO DIE (IN THE HOSPITAL),CONOR OBERST,214.0,881,99edd317-7597-49a0-9d45-b1adde1294cb
881,"WHY, WHY, WHY",BILLY CURRINGTON,164.0,882,339744fc-9139-4c24-9a72-ec2f3b19b80a
882,HOW I GOT TO BE THIS WAY,JUSTIN MOORE,178.0,883,78cb4a6c-26b1-4f68-94af-ae2804b29622
883,TRAIN OF LOVE,JOHNNY CASH,142.0,884,aaa4995a-877a-4f2c-8e2e-b7cdadec78de
884,TENNESSEE STUD,JOHNNY CASH,174.0,885,23da302f-0618-45bb-af0d-991c5376cb00
885,COUNTRY PIE,BOB DYLAN,98.0,886,72e2ed72-7050-4ba9-85ce-904c95f41701
886,SHE'S GOT YOU,PATSY CLINE,181.0,887,1176d2aa-397c-4189-9bdd-35b0eca8fc05
887,ORPHANS,THE GASLIGHT ANTHEM,0.0,888,
888,SISTER ROSETTA GOES BEFORE US,ROBERT PLANT & ALISON KRAUSS,205.0,889,d546cbc7-b02e-4515-86ff-2cd3837b5ff6
889,LOOKIN' FOR A GOOD TIME,LADY ANTEBELLUM,186.0,890,a52f4b7b-ccf2-440e-b3d8-a9208c783574
890,SOME GRASS,SLEEP,47.0,891,42766710-a514-46fe-928f-58dce4e6d361
891,WALK THE LINE,THE TALLEST MAN ON EARTH,212.0,892,c16268db-0926-4d4b-9410-032bff7ee6dd
892,I'M SORRY,BRENDA LEE,161.0,893,cd57a953-58d8-4877-be00-0f1ab6340b1b
893,WANTED,JESSIE JAMES,184.0,894,2fcf0ce6-80cb-4917-8fde-a1691d354819
894,TELL ME THAT IT ISN'T TRUE,BOB DYLAN,163.0,895,5b78b429-327f-4e69-ad0b-09588c2c51c5
895,WALK A LITTLE STRAIGHTER,BILLY CURRINGTON,223.0,896,d20cdacd-f1d7-4e91-a4e2-ce8c8ef9b132
896,TOMORROW,CHRIS YOUNG,221.0,897,6cfd9ea7-f63a-4ace-9f9e-d9b8dfab1928
897,MAYBERRY,RASCAL FLATTS,272.0,898,562bf9f6-5c49-4345-a14b-43c2ae6ab9ff
898,JAMBALAYA (ON THE BAYOU),HANK WILLIAMS,175.0,899,0a9085e4-5a4e-4fc3-b8b8-a1b35f4e191c
899,TELL IT TO ME,OLD CROW MEDICINE SHOW,168.0,900,e86898a5-d768-435e-92ec-c0e5899b3bf9
900,WHERE I COME FROM,ALAN JACKSON,245.0,901,4d6a7729-e861-4420-b1d0-d2883cf86c03
901,GUITAR TOWN,STEVE EARLE,153.0,902,1501d97b-bc20-4a24-b513-5481821d20ab
902,TAKE THIS JOB AND SHOVE IT,JOHNNY PAYCHECK,162.0,903,15751eaf-c6af-45d6-ac96-5dfc4a70729b
903,TACKLE BOX,LUKE BRYAN,242.0,904,ab682b5f-9900-406d-9a44-7d8ff9b4b4f7
904,THE WAY THAT HE SINGS,MY MORNING JACKET,336.0,905,f3623a67-6bc2-496f-9ce1-9acc678a85a9
905,HANDLE WITH CARE,JENNY LEWIS WITH THE WATSON TWINS,179.0,906,1b757614-6e20-43b0-a4a1-79f697f2d93d
906,RED SOLO CUP,TOBY KEITH,223.0,907,bd54cb2d-f282-46e0-a543-bb0c02945093
907,MERRY GO 'ROUND,KACEY MUSGRAVES,208.0,908,7a9d1947-4e39-4216-b04b-d40a3c48a926
908,BEHIND THAT LOCKED DOOR,GEORGE HARRISON,191.0,909,c8229cd4-c3cd-4913-84f0-e217425ac070
909,ONLY PRETTIER,MIRANDA LAMBERT,186.0,910,db9e0da2-da67-4ed8-97aa-f46ae870cb67
910,FOREVER AND FOR ALWAYS,SHANIA TWAIN,283.0,911,bf9c6d18-f2c7-45d7-b60a-3ba143e79879
911,PRETTY BOY FLOYD,WOODY GUTHRIE,185.0,912,488902ae-7457-4e08-9910-bc6eb0c33266
912,DEEP RED BELLS,NEKO CASE,225.0,913,74a939b9-995b-4bc6-8393-1c52aae295d9
913,ALL OVER AGAIN,JOHNNY CASH,135.0,914,0fee5ea5-2d91-4a66-81e7-32b3e9897f83
914,WAY OVER YONDER IN THE MINOR KEY,BILLY BRAGG & WILCO,248.0,915,4cd3e598-ab7a-4cc7-9f09-4b48619cb6d9
915,"HEY, GOOD LOOKIN'",HANK WILLIAMS,176.0,916,4c0c0c7f-41db-445b-8b39-71b1c0f354c5
916,DOOLIN-DALTON,EAGLES,206.0,917,aac264ef-fa61-4755-999a-6244af0cbe4c
917,MARY OF THE WILD MOOR,JOHNNY CASH,151.0,918,be4f9a74-d382-48f1-a7e4-2bd2eb8bd5f6
918,THE GOSPEL,THE DANDY WARHOLS,390.0,919,dab66da0-4c67-4c62-813d-b65835926da8
919,KING HARVEST (HAS SURELY COME),THE BAND,223.0,920,a0494af0-de1b-4199-b9c9-13dd8a42d056
920,ALYSSA LIES,JASON MICHAEL CARROLL,259.0,921,84c7295d-daaa-46c4-834f-36e9d429f659
921,YOU AIN'T GOING NOWHERE,THE BYRDS,153.0,922,fc1b3faf-8e80-4faa-812f-4fba635c2a9b
922,LULLABY,DIXIE CHICKS,351.0,923,714a1c6d-7e5d-4f8f-90c7-a32d78537bb7
923,FAR AWAY EYES,THE ROLLING STONES,263.0,924,0ec4b96f-1cae-4fad-895e-8d3a5428da12
924,JESUS WROTE A BLANK CHECK,CAKE,190.0,925,c8a5f3b8-c812-44ff-9bd2-45e3f66ecfd8
925,BEFORE SHE DOES,ERIC CHURCH,222.0,926,4b986988-ddfd-4916-89c2-05ded191683e
926,CRUEL,CALEXICO,239.0,927,8f1f58e8-6e29-4bd7-970a-3f8b1f3a3fb2
927,DUQUESNE WHISTLE,BOB DYLAN,343.0,928,ab24ee8c-03bc-47f2-a9f9-f7a71d56da9a
928,ANYTHING BUT MINE,KENNY CHESNEY,325.0,929,4df590a1-eabf-469a-a657-c8c24a6d0c30
929,DRINK YOU AWAY,JUSTIN TIMBERLAKE,331.0,930,f6884228-3a58-4b23-a8a3-46e6d1580790
930,ME AND MY MONKEY,ROBBIE WILLIAMS,432.0,931,101d5f3b-c0bf-4ba0-9396-82280f36859b
931,THE THREE OF US,BEN HARPER,156.0,932,d204135a-3c54-49e1-aeaf-956ab0f9cd22
932,TWO MORE LONELY PEOPLE,MILEY CYRUS,189.0,933,adb991c6-a90f-4025-9ddd-256fd92b698a
933,DON'T TAKE THE GIRL,TIM MCGRAW,250.0,934,0f1b39c3-bd28-4ed9-bf05-983c35cb6b5f
934,GOOD TIME,ALAN JACKSON,306.0,935,8e75208a-e090-4fbf-af17-2daf426c36f2
935,THE WAYS OF A WOMAN IN LOVE,JOHNNY CASH,138.0,936,8fc544b1-205c-4b9c-a6af-ad5763e30b20
936,AMERICAN SATURDAY NIGHT,BRAD PAISLEY,273.0,937,b9aaac19-8ea9-4411-8bfb-ade33382b6cf
937,WILD FLOWERS,RYAN ADAMS,300.0,938,3be7ed9d-2335-461d-8389-d56be9115f13
938,SOMETHING LIKE THAT,TIM MCGRAW,183.0,939,0ba05b69-5c05-441f-9d21-9de93190bc5a
939,FIELD OF DIAMONDS,JOHNNY CASH,197.0,940,e4a5ad5a-1620-4aaf-a417-7aa7b154b35d
940,I DREAMED I SAW ST. AUGUSTINE,BOB DYLAN,233.0,941,333ada76-04fb-47f2-9257-e84632df7024
941,INVISIBLE,TAYLOR SWIFT,205.0,942,7ba2c401-86a3-4bef-85f7-5a44331c68e3
942,IT GOES ON AND ON,THE AVETT BROTHERS,177.0,943,b7f41f6f-411b-4ba7-89c7-eb500738cb1b
943,AFTERNOON DELIGHT,STARLAND VOCAL BAND,191.0,944,7f6a0414-529d-4b3b-9416-76a52cafff1e
944,DRINKIN' BONE,TRACY BYRD,131.0,945,ee2d9687-fbb1-4080-9657-a600e51471f7
945,YOUNG,KENNY CHESNEY,241.0,946,7f399063-26fa-4ded-a38d-2bb38f5a7b6d
946,COAT OF MANY COLORS,DOLLY PARTON,188.0,947,9ec70eb0-85b6-4832-b127-e20c619f9d83
947,THINGS THAT SCARE ME,NEKO CASE,150.0,948,bbfd8451-6f0f-4c05-860e-33793c4a6a88
948,LOOK AT MISS OHIO,GILLIAN WELCH,256.0,949,1df9f346-b9b3-4289-8130-6e683bff9e7b
949,IT AIN'T ME BABE,JOHNNY CASH,183.0,950,4514bed4-d070-4b36-9f50-68bc570dd327
950,THE LONELY 1,WILCO,0.0,951,f5465225-bbfb-4351-aa5f-0660ef5509b3
951,SUNDAY MORNIN' COMIN' DOWN,KRIS KRISTOFFERSON,155.0,952,752f9ddb-f633-48e3-8ef0-df117f8d50a6
952,THE LUCKY ONE,ALISON KRAUSS & UNION STATION,220.0,953,3aa79138-28a7-4c6c-9adf-0f05db2652ec
953,MORE LIKE HER,MIRANDA LAMBERT,208.0,954,47b0d00c-75ca-4d8b-b918-83d80c0be029
954,LOVE REMEMBERS,CRAIG MORGAN,235.0,955,46cb2f27-8fa5-499f-9d88-f3a61bfd2945
955,ONE OF THESE DAYS,NEIL YOUNG,0.0,956,69a782b6-87da-45ff-946b-79fa21809970
956,WHAT DO YOU WANT,JERROD NIEMANN,214.0,957,b6bff657-a398-49ea-adce-6ddf60ff5bae
957,RUN,BEN KWELLER,233.0,958,bf657b85-d1bc-4f30-aa52-561e4d2fe0cc
958,STRAWBERRY WINE,DEANA CARTER,290.0,959,d0aa16ce-ff60-4936-922e-119e13fd1c30
959,O DEATH,RALPH STANLEY,200.0,960,9488e9ee-28c5-412f-a5cb-4945b7beaf61
960,WHEN THE SUN GOES DOWN,KENNY CHESNEY,0.0,961,
961,THE BIG GUNS,JENNY LEWIS WITH THE WATSON TWINS,153.0,962,d5ad59d0-b9c1-4859-8fea-6b1fbd525ee3
962,IF I DIED TODAY,TIM MCGRAW,175.0,963,15faf0ef-839b-4276-b24b-d9393c792873
963,YOU LOOK SO GOOD IN LOVE,GEORGE STRAIT,193.0,964,7ddd8874-abb6-4b68-962a-40ca36d4b21e
964,AMARILLO BY MORNING,GEORGE STRAIT,173.0,965,37586e18-a25e-445c-bc91-8fdb4538c59f
965,I DIDN'T KNOW IT AT THE TIME,TIM MCGRAW,202.0,966,b8d7eddd-475b-45cb-874a-6b85fa366e67
966,LOST HIGHWAY,HANK WILLIAMS,163.0,967,d17527f9-a0df-4373-a32f-a99105ae79c4
967,RAINING ON SUNDAY,KEITH URBAN,285.0,968,deab8295-f711-4ac0-ba5c-26660eef8eb3
968,I'M FROM THE COUNTRY,TRACY BYRD,213.0,969,905a8b5a-5e69-4b36-9d9f-f7e5a3be9951
969,SOMETHIN' 'BOUT A TRUCK,KIP MOORE,213.0,970,a49697c1-e0bc-4bb2-990d-3c67c5f6dc8e
970,SOMEWHERE WITH YOU,KENNY CHESNEY,243.0,971,584664c2-51cd-4c90-8a52-153986c7253b
971,BARTERING LINES,RYAN ADAMS,197.0,972,7b12f5f9-56df-4480-b2cb-462e29bf1b2b
972,GOODWAY,MONSTERS OF FOLK,121.0,973,8442a98e-68b1-431f-b3a5-c427e6a70009
973,NOTHING'SEVERGONNASTANDINMYWAY (AGAIN),WILCO,0.0,974,
974,BORN TO FLY,SARA EVANS,336.0,975,03f9cd93-c7a4-4a2e-9cd4-6c8cafd80ae7
975,ONE MORE DAY,DIAMOND RIO,215.0,976,cbff5abd-8e26-4bef-83e1-f5f2c0890607
976,CELEBRITY,BRAD PAISLEY,223.0,977,e6978dde-5063-43e0-b0a0-a909d5a83613
977,GET YOUR SHINE ON,FLORIDA GEORGIA LINE,222.0,978,881a2813-bdbf-40e9-888d-e719083f6a41
978,DADDY LESSONS,BEYONCÃ‰,0.0,979,
979,ROLLERCOASTER,M. WARD,180.0,980,d1eb2b8b-2d6a-4a75-9a27-1f5c6a5d0985
980,WIGWAM,BOB DYLAN,189.0,981,63e12665-326b-4505-a26d-35cdb198df4f
981,I'M AN ANIMAL,NEKO CASE,136.0,982,
982,WHISKEY LULLABY,BRAD PAISLEY,0.0,983,
983,INCOMPLETE AND INSECURE,THE AVETT BROTHERS,155.0,984,4f1a670b-d97c-4ca5-9a5d-0155bebc5cf2
984,FLAT ON THE FLOOR,CARRIE UNDERWOOD,199.0,985,baced1ca-1901-4800-9d22-ffcee348fe01
985,THE RIVER,GARTH BROOKS,267.0,986,383110b2-1a4b-4403-8b01-3f6059084ac0
986,MEAN EYED CAT,JOHNNY CASH,153.0,987,b1a869d6-fa9a-4b30-97db-a0859d4fa61a
987,I COULD NOT ASK FOR MORE,SARA EVANS,291.0,988,2ba09c51-58bd-4e37-bc39-c25cc6947669
988,MONSOON,ROBBIE WILLIAMS,226.0,989,1b6240bc-3883-47ee-9ae9-34c2cd74fad5
989,READY TO RUN,DIXIE CHICKS,229.0,990,1e6a8155-c8ff-4f2a-b1c8-bb18c23d34c3
990,HIP TO MY HEART,THE BAND PERRY,179.0,991,384c26fe-4a13-454d-9c09-306012244705
991,SUNSHINE ON MY SHOULDERS,JOHN DENVER,323.0,992,0c4f845e-75ac-4c4f-b97c-5bafe76a11e4
992,ON THE EVENING TRAIN,JOHNNY CASH,257.0,993,ec9b7123-7721-4aff-a283-4064cfd38ff7
993,"DAMN, SAM (I LOVE A WOMAN THAT RAINS)",RYAN ADAMS,454.0,994,5461ffe2-688c-46c8-a13b-3759b897978e
994,BLACK SOUL CHOIR,16 HORSEPOWER,295.0,995,e85393ae-1704-42b2-9cad-339b4e4bf318
995,PEOPLE LEAD,BEN HARPER,254.0,996,396dfa19-66ce-4ab5-a768-c0358b62b354
996,REDEMPTION DAY,JOHNNY CASH,262.0,997,45eae55f-999b-4565-b160-082ca64616a4
997,JOE BEAN,JOHNNY CASH,145.0,998,0fce51a0-2e6f-4756-9739-7cc0e9edc19d
998,KIND WOMAN,BUFFALO SPRINGFIELD,252.0,999,95d9dec6-fe9c-4d67-b269-397895103005
999,TENNESSEE FLAT-TOP BOX,JOHNNY CASH,181.0,1000,32c5d62b-fc4c-4c68-9d13-a52c86555502
